GAME_ID,IS_HOME,PLAYER_ID,WIN_LOSE_SAVE,INNING_PITCHED,BATS,EARNED_HIT,ALLOWED_RUN,EARNED_RUN,WALK,STRIKE_OUT,EARNED_HOME_RUN,EARNED_RUN_AVERAGE
252149,0,5,W,1,4,2,0,0,0,1,0,0
252154,0,5,H,0.1,3,2,0,0,0,0,0,0
252139,0,5,Null,0.1,1,0,0,0,0,1,0,0
252301,1,12,W,0.1,1,0,0,0,0,1,0,0
252162,1,12,Null,4.1,16,1,0,0,2,7,0,0
252177,1,12,Null,1,3,0,0,0,0,3,0,0
252182,1,12,Null,0.2,4,2,1,1,0,1,1,13.5
252194,0,12,Null,0.2,6,2,2,2,1,1,0,27
252214,1,12,Null,1,6,2,1,1,1,1,0,9
252228,1,12,Null,1.1,5,1,0,0,0,2,0,0
252244,0,12,Null,1.2,6,0,1,1,1,2,0,5.4
252253,1,12,Null,2,9,4,1,1,0,1,1,4.5
252279,0,12,Null,3,12,2,0,0,1,4,0,0
252306,1,12,Null,0.1,3,2,2,2,0,0,2,54
252314,0,12,Null,4.1,18,4,2,2,1,4,1,4.15
252342,1,12,Null,1,4,1,0,0,0,1,0,0
252369,0,12,Null,1.2,6,0,0,0,1,1,0,0
252379,0,12,Null,1,4,1,0,0,0,1,0,0
252397,1,12,Null,2.2,10,2,1,1,0,3,0,3.38
252316,1,18,W,5,23,5,2,2,2,4,0,3.6
252372,1,18,W,5.2,23,3,1,1,1,6,0,1.59
252254,0,18,L,5,24,7,4,4,1,2,1,7.2
252290,0,18,L,6,24,6,4,2,0,4,2,3
252339,0,18,L,6,29,10,6,6,2,0,2,9
252394,1,18,L,4.1,26,12,9,7,0,3,1,14.54
252204,1,81,W,2,6,0,0,0,0,1,0,0
252306,1,81,W,2,6,1,0,0,0,1,0,0
252233,1,81,H,1,4,2,0,0,0,0,0,0
252284,0,81,H,1,5,2,1,1,0,1,1,9
252296,1,81,H,1,4,1,0,0,1,0,0,0
252329,0,81,H,2.1,9,2,1,1,0,1,0,3.86
252334,0,81,H,1,5,2,0,0,0,1,0,0
252365,1,81,H,2,9,3,0,0,0,3,0,0
252374,0,81,H,1,4,1,0,0,0,0,0,0
252387,1,81,H,0.1,3,2,2,2,0,0,0,54
252182,1,81,Null,5,23,7,3,3,1,3,1,5.4
252199,0,81,Null,1.2,5,0,0,0,0,1,0,0
252223,1,81,Null,1.1,4,0,0,0,0,0,0,0
252239,0,81,Null,1,3,0,0,0,0,0,0,0
252253,1,81,Null,2,9,3,0,0,1,1,0,0
252274,0,81,Null,1,3,0,0,0,0,0,0,0
252352,1,81,Null,1.1,5,1,0,0,0,0,0,0
252355,1,81,Null,0.2,5,3,2,2,0,1,1,27
252399,0,81,Null,1,5,2,1,1,0,0,0,9
252372,0,96,Null,1,4,1,0,0,1,0,0,0
252388,1,96,Null,1.1,7,3,2,2,0,0,0,13.5
252341,0,99,W,0.1,1,0,0,0,0,0,0,0
252235,0,99,L,1,6,1,1,0,1,1,0,0
252164,1,99,H,0.2,4,1,0,0,1,0,0,0
252217,1,99,H,0.1,2,1,1,1,0,0,0,27
252229,1,99,H,0.2,2,0,0,0,0,0,0,0
252273,1,99,H,0.1,2,0,0,0,0,0,0,0
252288,1,99,H,0.1,2,1,0,0,0,1,0,0
252136,0,99,Null,0.2,3,1,0,0,0,1,0,0
252146,0,99,Null,0.2,4,2,0,0,0,0,0,0
252169,1,99,Null,0.1,2,1,0,0,0,0,0,0
252176,0,99,Null,0.2,3,1,1,1,0,1,1,13.5
252195,0,99,Null,1,4,1,0,0,1,0,0,0
252251,0,99,Null,0.2,4,2,2,2,0,0,0,27
252261,0,99,Null,0.2,2,1,0,0,0,0,0,0
252268,1,99,Null,0.2,2,0,0,0,0,1,0,0
252283,1,99,Null,0.2,4,2,1,1,0,0,0,13.5
252296,0,99,Null,0.2,3,1,0,0,0,0,0,0
252306,0,99,Null,0,2,2,2,2,0,0,0,0
252312,1,99,Null,1.1,5,1,1,1,0,1,0,6.75
252335,1,99,Null,0.1,2,1,1,1,0,0,0,27
252361,0,99,Null,1,6,1,3,3,2,2,0,27
252366,0,99,Null,1,6,2,3,3,1,0,1,27
252391,1,99,Null,1,4,0,0,0,1,2,0,0
252178,0,101,L,0,1,1,1,1,0,0,1,0
252243,0,101,L,0.1,4,3,3,3,0,0,1,81
252378,0,101,L,2.1,10,3,2,2,0,3,1,7.71
252138,0,101,H,1,3,0,0,0,0,0,0,0
252173,1,101,H,1,4,0,0,0,0,0,0,0
252223,0,101,H,1,4,0,0,0,1,1,0,0
252153,0,101,Null,1,4,1,0,0,0,0,0,0
252163,1,101,Null,1,6,2,0,0,1,1,0,0
252197,0,101,Null,1,3,0,0,0,0,1,0,0
252211,1,101,Null,1,3,1,0,0,0,0,0,0
252233,0,101,Null,1,4,1,0,0,0,0,0,0
252238,0,101,Null,0.2,6,2,3,0,2,1,1,0
252260,1,101,Null,1,3,0,0,0,0,1,0,0
252271,1,101,Null,0.2,4,2,2,2,0,1,0,27
252276,1,101,Null,1,4,0,0,0,0,2,0,0
252297,1,101,Null,2,10,3,1,1,0,0,0,4.5
252314,1,101,Null,1,3,0,0,0,0,2,0,0
252338,0,101,Null,0.1,2,1,0,0,0,0,0,0
252349,1,101,Null,2,9,4,2,2,0,2,1,9
252361,1,101,Null,1.1,7,2,1,1,1,0,0,6.75
252140,1,104,W,7,24,4,1,1,0,6,1,1.29
252198,1,104,W,6,27,8,1,1,1,6,0,1.5
252245,1,104,W,9,36,8,4,3,1,7,1,3
252299,0,104,W,5,25,11,5,5,0,7,1,9
252326,1,104,W,6.2,25,4,0,0,2,4,0,0
252354,0,104,W,8,28,6,1,1,1,9,1,1.12
252382,1,104,W,5,23,6,3,2,1,5,0,3.6
252164,0,104,L,6.1,30,9,6,6,1,4,2,8.53
252274,1,104,L,9,37,7,3,3,3,9,0,3
252220,1,104,Null,7,27,5,0,0,1,9,0,0
252372,1,108,H,0.1,1,0,0,0,0,0,0,0
252359,0,108,Null,2.1,10,2,0,0,1,2,0,0
252384,1,108,Null,0.1,2,0,0,0,1,0,0,0
252280,0,110,W,6,23,4,2,2,1,4,1,3
252384,1,110,W,6,24,3,4,3,2,3,1,4.5
252249,0,110,L,4.1,24,7,6,6,4,5,1,12.46
252331,1,110,L,3.1,20,7,7,7,3,4,0,18.9
252179,0,110,Null,4,13,2,1,1,0,6,0,2.25
252204,0,110,Null,5.2,24,6,3,3,2,4,2,4.76
252304,0,110,Null,6.1,30,8,3,1,3,6,1,1.42
252359,0,110,Null,2.1,13,3,5,5,3,1,0,19.29
252179,0,113,W,0.2,3,0,0,0,1,1,0,0
252240,1,113,W,0.1,1,0,0,0,0,1,0,0
252349,0,113,W,3.1,10,1,0,0,0,2,0,0
252135,1,113,L,1.2,6,1,1,1,0,1,1,5.4
252359,0,113,L,1.1,5,1,1,1,0,1,1,6.75
252159,0,113,H,0.2,5,2,0,0,1,0,0,0
252235,1,113,H,1,4,0,0,0,1,0,0,0
252336,1,113,H,0.2,7,3,1,1,2,1,0,13.5
252372,1,113,H,1.1,4,0,0,0,0,2,0,0
252382,1,113,H,3,10,0,0,0,1,2,0,0
252389,1,113,H,2,7,1,0,0,0,3,0,0
252158,1,113,Null,1,4,1,0,0,0,1,0,0
252169,0,113,Null,1.1,6,0,0,0,2,0,0,0
252198,1,113,Null,1,3,0,0,0,1,0,0,0
252203,1,113,Null,0.1,4,2,1,1,1,0,1,27
252209,0,113,Null,2,7,2,0,0,0,2,0,0
252254,0,113,Null,1,7,3,4,4,2,1,0,36
252285,0,113,Null,1,3,0,0,0,0,1,0,0
252290,0,113,Null,1,4,1,0,0,0,1,0,0
252299,0,113,Null,2,8,1,1,1,1,0,1,4.5
252311,1,113,Null,1.1,6,0,0,0,2,3,0,0
252321,1,113,Null,0.2,2,0,0,0,0,0,0,0
252224,1,115,W,7,25,4,0,0,3,7,0,0
252251,0,115,W,7,26,4,1,0,2,2,0,0
252278,1,115,W,7,26,3,0,0,2,5,0,0
252396,1,115,W,9,32,4,0,0,1,14,0,0
252325,1,115,L,8,34,11,4,3,0,7,0,3.38
252351,0,115,L,6,29,10,3,3,2,5,0,4.5
252374,1,115,L,7,27,5,2,2,1,5,0,2.57
252146,0,115,Null,6,26,7,3,2,2,4,0,3
252176,0,115,Null,7,29,6,2,0,1,5,0,0
252200,0,115,Null,7,29,4,2,2,0,7,1,2.57
252301,0,115,Null,8,30,6,2,2,0,10,1,2.25
252158,1,179,W,5,20,2,0,0,5,4,0,0
252179,0,179,Null,3,14,3,5,5,2,1,1,15
252209,0,179,Null,2,11,5,2,2,1,0,0,9
252203,1,180,W,0.1,1,0,0,0,0,0,0,0
252204,0,180,L,0.1,5,1,1,1,1,0,0,27
252159,0,180,H,0.1,2,1,1,1,0,0,0,27
252135,1,180,Null,0.1,1,0,0,0,0,0,0,0
252148,1,180,Null,1,3,1,0,0,0,0,0,0
252153,1,180,Null,0.2,2,0,0,0,0,1,0,0
252179,0,180,Null,0.1,1,0,0,0,0,0,0,0
252198,1,180,Null,0.2,3,1,0,0,1,0,0,0
252220,1,180,Null,0,1,0,0,0,1,0,0,0
252240,1,180,Null,0.1,2,0,0,0,1,1,0,0
252254,0,180,Null,0.1,4,3,2,2,0,0,1,54
252285,0,180,Null,0.1,4,2,1,1,1,1,1,27
252394,1,180,Null,2,14,5,3,0,0,1,0,0
252316,1,181,Null,0.2,4,1,0,0,1,0,0,0
252331,1,181,Null,2.1,14,5,3,2,2,1,0,7.71
252134,0,191,Null,0.2,4,2,0,0,0,0,0,0
252144,0,191,Null,1,6,3,3,3,0,2,1,27
252154,0,191,Null,0.2,3,2,1,1,0,0,1,13.5
252236,1,193,L,1,4,1,1,1,0,2,1,9
252146,1,193,H,1,3,1,0,0,0,0,0,0
252168,0,193,H,1,3,0,0,0,0,1,0,0
252227,1,193,H,1,3,0,0,0,0,0,0,0
252324,1,193,H,1,3,0,0,0,0,0,0,0
252139,1,193,Null,1,4,1,0,0,0,0,0,0
252163,0,193,Null,0,2,2,2,2,0,0,1,0
252198,0,193,Null,0.2,3,0,0,0,1,0,0,0
252208,0,193,Null,1,3,0,0,0,0,1,0,0
252232,1,193,Null,0.2,5,2,1,1,1,0,0,13.5
252273,0,193,Null,0.2,4,2,0,0,0,0,0,0
252282,1,193,Null,1,5,1,1,1,1,1,1,9
252292,1,193,Null,1,4,1,1,1,0,0,1,9
252303,0,193,Null,0.2,3,1,1,1,0,0,0,13.5
252318,0,193,Null,1,5,1,0,0,1,1,0,0
252334,1,193,Null,1,3,0,0,0,0,1,0,0
252359,1,193,Null,0.1,4,3,3,3,0,0,0,81
252373,1,193,Null,0.1,4,3,2,2,0,0,0,54
252398,0,193,Null,1,3,0,0,0,0,2,0,0
252357,0,194,W,1,4,1,0,0,0,0,0,0
252170,1,194,S,1,3,0,0,0,0,1,0,0
252208,1,194,S,1,5,1,0,0,1,0,0,0
252252,1,194,S,1.1,5,0,0,0,1,1,0,0
252270,0,194,S,1.2,6,1,0,0,0,3,0,0
252279,1,194,S,1,5,2,0,0,0,1,0,0
252289,1,194,S,1.2,6,1,0,0,0,1,0,0
252325,0,194,S,1,3,0,0,0,0,2,0,0
252350,1,194,S,1,3,0,0,0,0,2,0,0
252165,1,194,L,0.1,6,4,5,5,1,0,0,135
252142,0,194,Null,0.1,1,0,0,0,0,0,0,0
252195,1,194,Null,1,3,1,0,0,0,1,0,0
252220,0,194,Null,1,3,0,0,0,0,1,0,0
252243,1,194,Null,1,3,0,0,0,0,2,0,0
252257,1,194,Null,1,6,1,0,0,1,2,0,0
252304,1,194,Null,0.2,4,2,1,1,0,1,0,13.5
252381,1,194,Null,1,4,1,0,0,0,1,0,0
252185,1,196,W,1,3,0,0,0,0,1,0,0
252258,0,196,W,0.1,1,0,0,0,0,0,0,0
252292,1,196,W,2.1,9,3,0,0,0,1,0,0
252203,0,196,L,0.2,5,3,1,1,0,0,0,13.5
252354,1,196,L,1,6,2,1,1,1,2,0,9
252134,1,196,H,0.1,2,1,0,0,0,0,0,0
252218,0,196,H,2,6,0,0,0,0,1,0,0
252227,1,196,H,1,4,1,0,0,0,0,0,0
252308,0,196,H,0.2,5,1,0,0,2,1,0,0
252324,1,196,H,1,4,1,0,0,0,3,0,0
252343,0,196,H,1,3,0,0,0,0,2,0,0
252378,1,196,H,1,4,1,0,0,0,2,0,0
252383,1,196,H,1,3,0,0,0,0,0,0,0
252156,1,196,Null,1,5,3,2,2,0,1,0,18
252163,0,196,Null,1,4,0,0,0,0,0,0,0
252208,0,196,Null,0.2,2,0,0,0,0,0,0,0
252236,1,196,Null,1,3,1,0,0,0,1,0,0
252273,0,196,Null,1.1,4,0,0,0,0,2,0,0
252303,0,196,Null,0.1,6,3,2,2,2,0,1,54
252334,1,196,Null,1,3,0,0,0,0,1,0,0
252398,0,196,Null,1,4,0,0,0,0,1,0,0
252235,1,197,W,1,6,2,1,0,0,1,0,0
252159,0,197,S,1.1,5,1,0,0,0,1,0,0
252179,0,197,S,1,5,1,0,0,1,2,0,0
252203,1,197,S,1,4,1,0,0,0,2,0,0
252240,1,197,S,1,3,0,0,0,0,1,0,0
252169,0,197,L,0.2,5,1,1,1,2,0,0,13.5
252220,1,197,L,0.2,7,4,5,5,1,2,0,67.5
252269,1,197,L,1,6,2,1,1,1,3,0,9
252304,0,197,L,0.1,4,2,2,2,1,0,0,54
252311,1,197,L,0.2,5,3,3,3,0,1,1,40.5
252135,1,197,Null,1,4,1,0,0,0,1,0,0
252198,1,197,Null,1,4,1,0,0,0,0,0,0
252290,0,197,Null,1,5,2,1,1,0,1,1,9
252299,0,197,Null,1,4,0,0,0,1,0,0,0
252364,0,197,Null,0.2,3,1,1,1,0,0,1,13.5
252389,1,197,Null,0,3,2,3,2,0,0,0,0
252383,1,199,L,0.2,5,3,3,3,0,1,0,40.5
252134,1,199,H,1,4,1,0,0,0,1,0,0
252146,1,199,H,1,3,0,0,0,0,0,0,0
252168,0,199,H,1,4,0,0,0,1,3,0,0
252185,1,199,H,1,3,0,0,0,0,2,0,0
252218,0,199,H,1,4,0,0,0,1,0,0,0
252227,1,199,H,1,3,0,0,0,0,1,0,0
252258,0,199,H,0.2,3,2,0,0,0,0,0,0
252287,1,199,H,1,4,1,0,0,0,3,0,0
252292,1,199,H,1,3,0,0,0,0,1,0,0
252308,0,199,H,1,5,2,0,0,0,2,0,0
252324,1,199,H,1,3,0,0,0,0,1,0,0
252343,0,199,H,1.1,5,0,0,0,1,1,0,0
252353,0,199,H,1,3,1,0,0,0,2,0,0
252378,1,199,H,1,4,1,0,0,0,0,0,0
252163,0,199,Null,0.2,4,1,0,0,1,1,0,0
252203,0,199,Null,1.1,4,0,0,0,0,1,0,0
252232,1,199,Null,1.1,4,0,0,0,0,1,0,0
252236,1,199,Null,0,3,2,0,0,1,0,0,0
252359,1,199,Null,1.2,8,2,0,0,1,2,0,0
252152,0,200,H,1,4,0,0,0,1,1,0,0
252137,0,200,Null,2,7,0,0,0,0,5,0,0
252165,1,200,Null,0.1,3,2,2,2,0,0,1,54
252177,0,200,Null,1,7,2,4,4,2,0,1,36
252299,1,200,Null,2,10,3,1,1,1,1,0,4.5
252310,0,200,Null,1,5,2,0,0,0,0,0,0
252330,0,200,Null,1,3,0,0,0,0,2,0,0
252340,1,200,Null,1,6,1,2,0,1,1,1,0
252357,0,200,Null,0.1,1,0,0,0,0,0,0,0
252371,1,200,Null,1,8,3,3,3,2,2,0,27
252381,1,200,Null,0.2,4,2,0,0,0,0,0,0
252390,0,200,Null,1,4,0,0,0,0,0,0,0
252395,0,200,Null,1.2,6,0,0,0,2,1,0,0
252144,1,201,W,0.2,2,0,0,0,0,0,0,0
252136,1,201,H,0.1,1,0,0,0,0,1,0,0
252170,0,201,H,0.1,1,0,0,0,0,0,0,0
252178,1,201,H,0.1,1,0,0,0,0,1,0,0
252201,0,201,H,0.1,1,0,0,0,0,0,0,0
252205,1,201,H,0.1,2,1,1,1,0,0,0,27
252241,0,201,H,0.1,1,0,0,0,0,1,0,0
252303,1,201,H,0.2,2,0,0,0,0,0,0,0
252342,0,201,H,0.1,2,1,0,0,0,1,0,0
252141,1,201,Null,0.1,2,1,1,1,0,0,1,27
252154,1,201,Null,0.2,2,0,0,0,0,0,0,0
252160,0,201,Null,0.2,1,0,0,0,0,0,0,0
252196,0,201,Null,0.1,2,0,0,0,1,1,0,0
252221,0,201,Null,0.2,2,0,0,0,0,2,0,0
252236,0,201,Null,0.2,2,0,0,0,0,1,0,0
252256,1,201,Null,0.2,4,2,1,1,0,0,1,13.5
252266,0,201,Null,1,3,0,0,0,0,1,0,0
252271,0,201,Null,0.1,1,0,0,0,0,0,0,0
252281,1,201,Null,0.1,2,0,0,0,0,1,0,0
252298,1,201,Null,0.2,3,1,0,0,0,0,0,0
252311,0,201,Null,0.1,3,1,1,1,1,1,0,27
252357,1,201,Null,0,1,0,1,1,1,0,0,0
252380,0,201,Null,0.1,2,1,1,1,0,0,0,27
252396,0,201,Null,0.1,1,0,0,0,0,1,0,0
252400,1,201,Null,1,4,1,1,1,0,1,1,9
252156,1,206,W,5.1,23,7,2,2,1,2,0,3.38
252180,1,206,W,7.1,28,5,2,2,1,5,1,2.45
252308,0,206,W,6,29,9,8,8,2,4,1,12
252343,0,206,W,5,25,7,5,3,2,4,1,5.4
252232,1,206,L,6,26,6,2,2,3,6,0,3
252282,1,206,L,6,28,9,7,7,1,3,2,10.5
252373,1,206,L,7,29,7,2,1,2,4,0,1.29
252398,0,206,L,5,26,9,3,3,3,0,1,5.4
252208,0,206,Null,5.2,27,8,3,3,2,3,2,4.76
252258,0,206,Null,6.2,27,6,3,3,2,3,1,4.05
252173,0,243,Null,1,4,1,0,0,0,1,0,0
252175,1,243,Null,3,12,2,2,1,0,4,1,3
252193,0,243,Null,1,3,0,0,0,0,1,0,0
252213,0,243,Null,0.2,3,1,2,2,1,0,0,27
252222,1,243,Null,1,7,2,3,3,2,0,0,27
252253,0,243,Null,1,3,0,0,0,0,1,0,0
252268,0,243,Null,0.2,4,1,2,2,1,1,1,27
252278,0,243,Null,2,11,4,2,2,1,2,0,9
252298,0,243,Null,2,10,1,0,0,3,2,0,0
252313,0,243,Null,1,3,0,0,0,0,0,0,0
252329,1,243,Null,1,3,0,0,0,0,2,0,0
252364,1,243,Null,1,3,1,0,0,0,0,0,0
252393,0,243,Null,0.2,7,4,4,4,1,0,0,54
252359,1,246,W,1,3,0,0,0,0,1,0,0
252134,1,246,S,1,5,2,0,0,0,2,0,0
252168,0,246,S,1,3,0,0,0,0,1,0,0
252218,0,246,S,1,4,1,0,0,0,1,0,0
252227,1,246,S,1,3,0,0,0,0,2,0,0
252246,1,246,S,0.1,2,1,0,0,0,0,0,0
252258,0,246,S,1.1,4,0,0,0,0,1,0,0
252308,0,246,S,0.2,2,0,0,0,0,1,0,0
252353,0,246,S,1,4,1,0,0,0,2,0,0
252378,1,246,S,1,3,0,0,0,0,1,0,0
252287,1,246,L,1,7,3,3,3,0,2,0,27
252324,1,246,L,1,8,4,4,1,0,2,1,9
252146,1,246,Null,1,6,1,2,2,2,2,0,18
252163,0,246,Null,1.1,4,0,0,0,0,2,0,0
252185,1,246,Null,1,4,1,1,1,1,0,0,9
252236,1,246,Null,2,5,0,0,0,0,2,0,0
252292,1,246,Null,1,7,1,1,1,3,1,0,9
252383,1,246,Null,1.1,4,1,0,0,0,0,0,0
252150,0,262,W,5,22,7,3,2,1,4,0,3.6
252175,0,262,W,7,26,5,1,1,3,5,0,1.29
252355,0,262,W,6,25,5,0,0,2,5,0,0
252380,1,262,W,6,26,10,2,2,0,3,0,3
252229,0,262,L,4,22,9,7,5,2,2,0,11.25
252255,0,262,L,4.1,21,5,3,3,5,2,1,6.23
252205,0,262,Null,6,26,5,4,3,1,5,1,4.5
252280,1,262,Null,5,22,7,2,2,1,3,0,3.6
252305,0,262,Null,6,27,9,2,2,1,3,2,3
252333,1,262,Null,6,29,12,3,3,1,3,0,4.5
252276,0,265,W,6,24,5,0,0,0,4,0,0
252316,0,265,L,1.2,12,7,6,6,0,2,0,32.4
252246,0,265,Null,1,4,0,0,0,1,1,0,0
252251,1,265,Null,6,24,6,2,2,0,5,1,3
252303,1,265,Null,1.2,13,5,4,4,3,1,1,21.6
252332,1,265,Null,1,5,1,0,0,1,1,0,0
252337,1,265,Null,1,3,0,0,0,0,0,0,0
252223,0,267,W,5,19,3,2,2,1,1,0,3.6
252248,0,267,W,7,27,7,0,0,2,3,0,0
252271,1,267,L,5.1,24,5,3,3,2,3,0,5.06
252297,1,267,L,4,26,12,11,11,3,1,2,24.75
252173,1,267,Null,6,29,8,4,2,3,2,1,3
252202,0,267,Null,2,10,4,2,2,1,2,0,9
252349,1,267,Null,3,14,3,3,3,2,1,1,9
252268,1,280,W,1.1,5,1,0,0,0,0,0,0
252176,0,280,L,0.1,3,1,1,1,0,0,0,27
252256,0,280,H,1,4,0,0,0,1,1,0,0
252273,1,280,H,0.1,1,0,0,0,0,0,0,0
252379,1,280,H,1,5,1,0,0,1,0,0,0
252146,0,280,Null,0.2,1,0,0,0,0,0,0,0
252169,1,280,Null,0.2,5,2,2,2,1,0,0,27
252283,1,280,Null,0.2,4,2,0,0,0,0,0,0
252293,1,280,Null,1.2,5,0,0,0,0,2,0,0
252296,0,280,Null,0.1,1,0,0,0,0,0,0,0
252306,0,280,Null,0.2,4,2,1,1,0,1,0,13.5
252322,1,280,Null,1.2,8,3,1,1,0,1,1,5.4
252335,1,280,Null,0.1,3,1,2,2,1,0,0,54
252341,0,280,Null,2,6,1,0,0,0,1,0,0
252356,0,280,Null,0.2,2,0,0,0,0,0,0,0
252361,0,280,Null,0.1,3,2,2,2,0,0,0,54
252369,1,280,Null,1.1,4,1,0,0,0,1,0,0
252401,0,280,Null,0.1,3,1,2,2,0,0,0,54
252349,1,282,H,1,6,1,1,1,2,1,0,9
252356,1,282,H,0.2,5,3,1,1,1,0,0,13.5
252385,1,282,H,0.1,2,1,0,0,0,1,0,0
252302,1,282,Null,1,4,1,0,0,0,1,0,0
252314,1,282,Null,1,4,1,0,0,0,2,0,0
252338,0,282,Null,0.2,4,1,0,0,0,0,0,0
252366,1,282,Null,1.1,5,1,1,1,0,0,0,6.75
252378,0,282,Null,1,4,2,1,1,0,0,0,9
252398,1,284,S,1,4,1,0,0,0,0,0,0
252142,1,284,H,0.1,1,0,0,0,0,1,0,0
252221,1,284,H,0.1,3,2,0,0,0,0,0,0
252262,0,284,H,1.1,4,0,0,0,0,1,0,0
252272,1,284,H,1,3,1,0,0,0,1,0,0
252302,0,284,H,1.1,6,1,0,0,1,2,0,0
252310,1,284,H,1,3,1,0,0,0,0,0,0
252150,1,284,Null,0.2,3,1,0,0,0,0,0,0
252162,0,284,Null,1,3,0,0,0,0,3,0,0
252179,1,284,Null,1,3,1,0,0,0,1,0,0
252202,1,284,Null,1,3,0,0,0,0,1,0,0
252207,0,284,Null,1,5,2,1,1,0,1,0,9
252247,0,284,Null,1.1,5,1,0,0,0,2,0,0
252267,1,284,Null,1,4,0,0,0,1,0,0,0
252315,1,284,Null,1,5,1,1,1,2,0,0,9
252337,0,284,Null,1,3,0,0,0,0,0,0,0
252341,1,284,Null,0.2,3,1,1,1,0,0,0,13.5
252351,1,284,Null,0.1,2,0,0,0,0,0,0,0
252358,0,284,Null,1,4,1,0,0,0,1,0,0
252393,1,284,Null,0.1,1,0,0,0,0,0,0,0
252399,1,284,Null,1,3,0,0,0,0,1,0,0
252188,1,288,L,0.1,6,3,3,2,1,0,0,54
252201,0,288,L,0.1,6,3,2,2,2,1,0,54
252308,1,288,L,1,7,2,3,3,2,0,0,27
252144,1,288,H,1.2,6,1,0,0,1,0,0,0
252165,0,288,H,0.2,2,1,0,0,0,0,0,0
252178,1,288,H,1.1,5,1,0,0,0,2,0,0
252303,1,288,H,1.2,8,3,2,2,0,1,0,10.8
252141,1,288,Null,1.1,5,0,0,0,1,0,0,0
252149,1,288,Null,1,4,0,0,0,0,0,0,0
252160,0,288,Null,1.1,5,1,0,0,0,2,0,0
252210,1,288,Null,0.2,2,0,0,0,0,1,0,0
252221,0,288,Null,1,3,1,1,1,0,0,0,9
252231,0,288,Null,0.2,2,0,0,0,0,0,0,0
252236,0,288,Null,0.2,3,1,0,0,0,1,0,0
252256,1,288,Null,1,5,2,1,1,0,0,0,9
252266,0,288,Null,1,5,1,0,0,0,1,0,0
252281,1,288,Null,1.2,7,2,1,1,0,1,0,5.4
252291,1,288,Null,1.2,6,2,1,1,0,0,0,5.4
252316,0,288,Null,0.2,7,4,5,5,1,0,1,67.5
252321,0,288,Null,1,4,1,0,0,0,2,0,0
252332,1,288,Null,1,6,2,2,2,0,0,0,18
252337,1,288,Null,2,9,2,1,0,0,3,0,0
252386,0,288,Null,1.1,5,1,0,0,0,3,0,0
252396,0,288,Null,1,3,1,0,0,0,0,0,0
252400,1,288,Null,2.2,14,5,4,4,2,0,2,13.5
252169,1,290,W,1,6,1,0,0,2,0,0,0
252217,1,290,W,1,7,3,3,3,1,0,0,27
252361,0,290,W,1.1,5,0,0,0,0,0,0,0
252164,1,290,S,1.1,4,0,0,0,0,0,0,0
252200,0,290,S,1,4,1,0,0,0,1,0,0
252212,1,290,S,1,4,1,0,0,0,1,0,0
252219,1,290,S,1,5,1,0,0,1,1,0,0
252229,1,290,S,1,4,1,0,0,0,0,0,0
252256,0,290,S,1,4,0,0,0,1,0,0,0
252261,0,290,S,1,6,2,1,1,1,1,0,9
252273,1,290,S,1.1,5,1,0,0,0,1,0,0
252288,1,290,S,1.1,5,1,0,0,0,2,0,0
252330,1,290,S,1.2,5,0,0,0,0,1,0,0
252146,0,290,L,1.2,10,4,2,2,0,0,0,10.8
252301,0,290,L,0.1,6,3,2,2,2,1,0,54
252369,1,290,L,1,6,4,1,1,0,0,0,9
252141,0,290,Null,0.1,1,0,0,0,0,0,0,0
252176,0,290,Null,1,5,1,0,0,1,3,0,0
252195,0,290,Null,1,3,0,0,0,0,1,0,0
252251,0,290,Null,1,3,0,0,0,0,1,0,0
252312,1,290,Null,0.2,3,1,0,0,0,1,0,0
252325,1,290,Null,1,3,0,0,0,0,1,0,0
252379,1,290,Null,1,3,0,0,0,0,2,0,0
252140,0,291,Null,1,4,0,0,0,1,0,0,0
252155,0,291,Null,1,5,1,1,1,1,2,0,9
252166,1,291,Null,1,5,2,0,0,0,2,0,0
252180,0,291,Null,1.2,8,2,0,0,1,3,0,0
252318,1,291,Null,1,6,2,1,0,0,2,0,0
252141,0,292,Null,1.2,8,2,1,1,2,0,0,5.4
252151,0,292,Null,1,3,0,0,0,0,2,0,0
252159,1,292,Null,2.1,7,1,0,0,0,1,0,0
252181,0,292,Null,2,8,1,1,1,1,1,1,4.5
252190,0,292,Null,1.2,6,0,0,0,1,2,0,0
252207,1,292,Null,2,7,2,0,0,0,1,0,0
252224,1,292,Null,1,4,1,0,0,0,2,0,0
252229,1,292,Null,0,4,4,4,4,0,0,0,0
252235,0,292,Null,0.2,3,1,0,0,0,0,0,0
252251,0,292,Null,0.1,3,2,1,1,0,0,1,27
252317,1,292,Null,2,6,0,0,0,0,1,0,0
252335,1,292,Null,2,7,1,1,1,0,2,0,4.5
252351,0,292,Null,0,2,1,2,2,1,0,0,0
252386,1,292,Null,1,3,0,0,0,0,1,0,0
252401,0,292,Null,0.2,3,1,1,1,0,0,1,13.5
252136,0,294,Null,1,5,3,2,2,0,1,1,18
252146,0,294,Null,0.1,1,0,0,0,0,0,0,0
252156,0,294,Null,6,27,9,3,3,2,4,1,4.5
252176,0,294,Null,0.2,3,1,1,1,0,0,0,13.5
252190,0,294,Null,0.1,3,1,2,2,0,0,0,54
252391,1,294,Null,1,4,1,0,0,0,1,0,0
252136,0,296,Null,0.1,2,0,0,0,1,0,0,0
252146,0,296,Null,0.1,3,1,0,0,1,1,0,0
252151,0,298,W,5.1,25,4,3,3,5,3,2,5.06
252229,1,298,W,6,26,5,3,3,4,2,0,4.5
252256,0,298,W,5,23,4,2,1,1,4,1,1.8
252283,1,298,W,5,21,3,1,1,3,3,0,1.8
252330,1,298,W,6,25,8,1,1,0,5,0,1.5
252386,1,298,W,6,26,5,1,1,4,5,0,1.5
252181,0,298,L,5,24,7,2,2,3,2,1,3.6
252207,1,298,L,5,28,10,4,4,2,7,1,7.2
252306,0,298,L,6.1,27,6,4,4,3,2,1,5.68
252361,0,298,Null,5.1,24,5,2,2,2,4,0,3.38
252219,1,299,H,0.2,3,1,0,0,0,1,0,0
252341,0,299,H,0.2,2,0,0,0,0,0,0,0
252386,1,299,H,1,4,1,0,0,0,0,0,0
252141,0,299,Null,1.1,5,0,0,0,1,0,0,0
252151,0,299,Null,1.1,5,0,0,0,1,2,0,0
252169,1,299,Null,0,1,1,0,0,0,0,0,0
252176,0,299,Null,0,1,1,0,0,0,0,0,0
252195,0,299,Null,1,5,2,0,0,0,0,0,0
252229,1,299,Null,1,4,1,0,0,1,1,0,0
252235,0,299,Null,1.2,5,0,0,0,1,1,0,0
252240,0,299,Null,1,4,1,0,0,0,1,0,0
252256,0,299,Null,0.1,2,1,1,1,0,1,1,27
252278,1,299,Null,1,2,0,0,0,0,1,0,0
252288,1,299,Null,0,2,0,0,0,2,0,0,0
252293,1,299,Null,0.2,2,0,0,0,0,1,0,0
252296,0,299,Null,0.2,4,1,0,0,0,1,0,0
252312,1,299,Null,0.1,3,1,2,2,1,0,1,54
252322,1,299,Null,1,3,0,0,0,0,2,0,0
252361,0,299,Null,0,1,1,0,0,0,0,0,0
252369,1,299,Null,0.2,3,0,0,0,1,0,0,0
252401,0,299,Null,0.2,3,1,1,1,0,1,1,13.5
252278,1,347,Null,0,4,0,1,0,3,0,0,0
252200,0,360,W,0.2,1,0,0,0,0,0,0,0
252261,0,360,W,1.1,5,1,0,0,0,0,0,0
252240,0,360,L,1,6,1,1,1,1,0,0,9
252293,1,360,L,0.2,6,4,3,3,0,0,2,40.5
252312,1,360,L,0.2,6,3,3,3,1,1,1,40.5
252356,0,360,L,0.1,4,2,2,2,1,0,0,54
252164,1,360,H,2,6,0,0,0,0,3,0,0
252212,1,360,H,1,3,0,0,0,0,1,0,0
252217,1,360,H,0.2,2,0,0,0,0,1,0,0
252219,1,360,H,0.1,1,0,0,0,0,0,0,0
252229,1,360,H,0.1,1,0,0,0,0,0,0,0
252256,0,360,H,1.2,5,0,0,0,0,4,0,0
252273,1,360,H,1,4,1,0,0,0,1,0,0
252288,1,360,H,2,7,1,1,1,0,3,1,4.5
252330,1,360,H,1.1,7,3,1,1,0,2,0,6.75
252141,0,360,Null,0.2,6,2,2,0,0,0,0,0
252151,0,360,Null,1.1,4,0,0,0,0,1,0,0
252169,1,360,Null,1.1,4,0,0,0,0,0,0,0
252176,0,360,Null,0.2,3,1,0,0,0,1,0,0
252235,0,360,Null,0,1,1,0,0,0,0,0,0
252341,0,360,Null,1,7,3,3,3,1,1,1,27
252361,0,360,Null,1,5,2,0,0,0,1,0,0
252374,1,360,Null,2,7,1,0,0,0,1,0,0
252379,1,360,Null,1,4,1,1,1,0,0,1,9
252386,1,360,Null,1,4,1,0,0,0,2,0,0
252228,0,362,Null,2,13,4,4,4,1,2,1,18
252207,1,363,Null,0.1,3,0,0,0,1,0,0,0
252159,1,365,Null,0.2,4,1,1,1,1,0,0,13.5
252181,0,365,Null,0,2,1,2,2,1,0,0,0
252190,0,365,Null,0,3,1,1,1,1,0,0,0
252357,1,381,L,0,2,1,2,1,1,0,0,0
252276,0,381,H,1.1,6,1,2,2,1,1,0,13.5
252144,1,381,Null,3.2,18,4,3,3,3,4,0,7.36
252170,0,381,Null,4.1,20,5,1,1,3,2,0,2.08
252201,0,381,Null,2.2,16,4,2,2,4,1,0,6.75
252215,1,381,Null,3.2,16,5,2,2,0,2,1,4.91
252246,0,381,Null,1.1,6,2,0,0,1,1,0,0
252251,1,381,Null,1,4,1,1,1,0,0,1,9
252266,0,381,Null,1.2,5,1,0,0,0,1,0,0
252298,1,381,Null,1.2,12,6,5,5,1,0,1,27
252370,0,381,Null,1.1,6,0,0,0,2,2,0,0
252380,0,381,Null,3.2,14,3,1,1,0,0,1,2.45
252391,0,381,Null,2,14,6,6,6,2,0,1,27
252210,1,384,Null,1.1,11,6,4,4,1,2,0,27
252308,1,384,Null,1,5,2,1,1,1,1,0,9
252311,0,384,Null,0.1,2,1,0,0,0,1,0,0
252316,0,384,Null,0.1,2,1,1,1,0,0,0,27
252228,1,425,W,5.2,24,3,1,1,3,4,0,1.59
252253,1,425,L,4,21,6,5,5,3,4,1,11.25
252397,1,425,L,6.1,28,10,6,6,0,3,1,8.53
252149,0,425,Null,6,22,3,2,2,2,2,0,3
252177,1,425,Null,3.1,20,8,8,8,3,4,0,21.6
252279,0,425,Null,4,18,4,3,3,1,3,0,6.75
252306,1,425,Null,5,20,5,1,1,1,4,0,1.8
252342,1,425,Null,7,27,4,2,2,1,7,1,2.57
252369,0,425,Null,4.1,22,7,3,2,1,7,0,4.15
252138,0,430,W,6.2,25,6,3,3,0,2,1,4.05
252328,0,430,W,5,25,5,3,3,5,5,0,5.4
252228,0,430,L,4,21,8,6,6,1,3,1,13.5
252250,1,430,L,6.1,30,9,4,4,2,2,1,5.68
252276,1,430,L,6.1,27,8,4,4,1,1,0,5.68
252302,1,430,L,4.2,26,9,5,5,2,6,1,9.64
252163,1,430,Null,5,25,8,5,5,2,7,2,9
252197,0,430,Null,6,25,5,3,3,2,6,1,4.5
252361,1,430,Null,4,21,9,6,3,0,3,0,6.75
252385,1,430,Null,6,25,8,4,4,1,4,2,6
252314,1,434,W,7,29,8,3,3,0,5,0,3.86
252339,1,434,W,6.2,26,5,1,1,2,6,0,1.35
252390,1,434,W,5,25,6,4,4,3,1,0,7.2
252243,0,434,Null,6,24,5,3,3,2,7,2,4.5
252293,0,434,Null,4,22,8,5,4,2,2,1,9
252148,0,435,Null,1.2,10,4,5,5,0,2,3,27
252164,1,436,W,5,21,5,4,4,2,1,0,7.2
252219,1,436,W,7,27,3,1,1,3,4,1,1.29
252273,1,436,W,6,23,4,1,1,2,4,0,1.5
252379,1,436,W,6,24,5,1,1,4,5,0,1.5
252195,0,436,L,4,24,8,6,6,3,4,2,13.5
252245,0,436,L,5,27,10,8,8,1,2,2,14.4
252296,0,436,L,5,25,8,6,5,2,5,3,9
252322,1,436,L,4.1,28,13,9,9,2,3,1,18.69
252356,0,436,Null,7,27,7,2,2,1,5,1,2.57
252167,1,437,Null,2,11,5,4,4,0,2,1,18
252266,1,438,W,6.1,25,5,2,2,1,6,0,2.84
252328,0,438,S,3,11,2,1,1,1,3,0,3
252158,0,438,L,4.1,22,9,4,4,2,4,1,8.31
252216,1,438,L,5,26,13,7,7,0,4,4,12.6
252366,1,438,L,6.1,30,11,3,3,1,6,1,4.26
252188,0,438,Null,6.1,26,5,1,1,1,6,1,1.42
252293,0,438,Null,2.2,9,3,0,0,0,3,0,0
252293,0,446,W,1.1,5,1,0,0,0,1,0,0
252333,0,446,W,1,6,2,1,1,1,0,0,9
252356,1,446,W,1,4,1,0,0,0,2,0,0
252138,0,446,S,1,3,0,0,0,0,1,0,0
252173,1,446,S,1,4,1,1,1,0,3,1,9
252383,0,446,S,0.2,3,0,0,0,1,0,0,0
252223,0,446,H,1,3,0,0,0,0,0,0,0
252238,0,446,H,1.1,5,1,0,0,0,2,0,0
252255,1,446,H,1.1,5,1,0,0,0,1,0,0
252390,1,446,H,1.2,6,0,0,0,1,0,0,0
252153,0,446,Null,1,4,0,0,0,1,1,0,0
252163,1,446,Null,2,8,1,0,0,0,4,0,0
252178,0,446,Null,1,6,2,1,1,1,1,0,9
252197,0,446,Null,1,4,1,0,0,0,1,0,0
252211,1,446,Null,2,6,0,0,0,0,3,0,0
252243,0,446,Null,1,6,2,3,3,1,1,1,27
252250,1,446,Null,1,5,0,1,0,1,1,0,0
252266,1,446,Null,1,3,0,0,0,0,1,0,0
252288,0,446,Null,1.2,5,0,0,0,0,0,0,0
252302,1,446,Null,1,6,3,2,2,0,1,1,18
252309,1,446,Null,0.1,3,1,2,1,0,0,0,27
252339,1,446,Null,1.1,4,0,0,0,1,0,0,0
252349,1,446,Null,1,3,0,0,0,0,1,0,0
252361,1,446,Null,1,3,0,0,0,0,1,0,0
252373,0,446,Null,1,3,0,0,0,0,0,0,0
252168,1,514,L,0.1,3,1,2,2,0,0,0,54
252138,0,514,H,0.1,1,0,0,0,0,1,0,0
252255,1,514,H,0.2,2,0,0,0,0,0,0,0
252356,1,514,H,0.1,1,0,0,0,0,0,0,0
252143,0,514,Null,0.2,2,0,0,0,0,1,0,0
252158,0,514,Null,0.2,5,2,3,3,1,1,1,40.5
252163,1,514,Null,0.1,1,0,0,0,0,1,0,0
252183,0,514,Null,0.1,1,0,0,0,0,1,0,0
252197,0,514,Null,0,1,0,0,0,1,0,0,0
252206,1,514,Null,1,3,0,0,0,0,3,0,0
252216,1,514,Null,1,4,1,1,1,0,2,1,9
252228,0,514,Null,1,4,1,0,0,0,0,0,0
252233,0,514,Null,1,3,0,0,0,1,1,0,0
252250,1,514,Null,0.2,2,0,0,0,0,0,0,0
252260,1,514,Null,0.1,1,0,0,0,0,0,0,0
252276,1,514,Null,0.2,2,0,0,0,0,0,0,0
252283,0,514,Null,2,7,1,0,0,0,0,0,0
252288,0,514,Null,0.1,1,0,0,0,0,0,0,0
252309,1,514,Null,0.1,1,0,0,0,0,0,0,0
252361,1,514,Null,0.2,3,1,0,0,0,0,0,0
252378,0,514,Null,1,5,2,1,1,0,1,0,9
252395,1,514,Null,0.2,4,2,1,1,0,1,0,13.5
252148,0,516,Null,2,12,2,3,3,5,2,0,13.5
252158,0,516,Null,0.1,3,1,0,0,1,0,0,0
252381,1,528,L,0,2,0,2,2,2,0,0,0
252310,0,528,Null,0.1,1,0,0,0,0,1,0,0
252315,0,528,Null,0.2,2,0,0,0,0,1,0,0
252330,0,528,Null,1.2,5,0,0,0,0,2,0,0
252340,1,528,Null,1,4,2,0,0,0,0,0,0
252357,0,528,Null,0.2,3,1,0,0,0,2,0,0
252371,1,528,Null,1,5,0,1,1,2,1,0,9
252390,0,528,Null,2,8,1,0,0,1,3,0,0
252177,1,530,W,1.1,10,3,2,0,1,1,0,0
252199,0,530,W,2,7,1,0,0,0,1,0,0
252209,1,530,W,3,8,0,0,0,0,2,0,0
252369,0,530,W,1,3,0,0,0,0,0,0,0
252239,0,530,L,0.1,4,2,1,1,1,0,0,27
252258,1,530,L,2,11,3,2,1,2,4,0,4.5
252279,0,530,L,1,7,3,2,2,1,1,0,18
252234,0,530,H,1.1,4,0,0,0,0,0,0,0
252334,0,530,H,1.1,4,1,0,0,0,1,0,0
252360,1,530,H,1,5,1,0,0,2,0,0,0
252374,0,530,H,1.1,6,1,0,0,1,0,0,0
252134,0,530,Null,0.2,3,1,0,0,0,0,0,0
252144,0,530,Null,2.1,8,1,0,0,0,1,0,0
252154,0,530,Null,4.2,17,3,0,0,0,3,0,0
252194,0,530,Null,0.1,4,2,3,3,1,0,0,81
252223,1,530,Null,1,6,2,1,0,0,1,0,0
252233,1,530,Null,0.2,2,0,0,0,0,0,0,0
252269,0,530,Null,0.2,4,2,1,1,0,1,0,13.5
252289,0,530,Null,1.1,4,0,0,0,0,2,0,0
252296,1,530,Null,0.2,4,1,1,1,1,0,0,13.5
252306,1,530,Null,0.2,4,1,0,0,1,1,0,0
252324,0,530,Null,1,7,2,2,0,1,2,0,0
252355,1,530,Null,1,3,0,0,0,0,2,0,0
252387,1,530,Null,1,4,2,1,1,0,1,0,9
252207,0,533,S,1,5,1,0,0,1,2,0,0
252137,1,533,H,1,3,0,0,0,1,0,0,0
252221,1,533,H,0.1,1,0,0,0,0,1,0,0
252237,0,533,H,1.1,6,2,0,0,0,1,0,0
252277,1,533,H,0.1,3,2,1,1,0,1,0,27
252302,0,533,H,0.2,5,2,0,0,1,1,0,0
252162,0,533,Null,1,6,2,1,1,0,0,0,9
252172,0,533,Null,1,4,1,0,0,0,1,0,0
252179,1,533,Null,0,4,4,4,4,0,0,0,0
252202,1,533,Null,1,4,0,0,0,1,0,0,0
252226,1,533,Null,1,4,1,0,0,0,1,0,0
252257,0,533,Null,1,3,0,0,0,0,1,0,0
252262,0,533,Null,0.2,5,3,1,1,0,0,0,13.5
252282,0,533,Null,1,3,0,0,0,0,0,0,0
252292,0,533,Null,0.2,1,0,0,0,0,0,0,0
252332,0,533,Null,0,4,3,4,4,1,0,0,0
252372,0,533,Null,1,4,0,0,0,1,0,0,0
252382,0,533,Null,1,4,1,1,1,0,2,1,9
252393,1,533,Null,0.2,2,0,0,0,0,1,0,0
252137,1,534,S,1,3,0,0,0,0,1,0,0
252145,1,534,S,1,3,0,0,0,0,2,0,0
252231,1,534,S,1,4,1,0,0,0,1,0,0
252247,0,534,S,1,5,1,0,0,1,1,0,0
252277,1,534,S,1,3,0,0,0,0,1,0,0
252287,0,534,S,1,3,0,0,0,0,2,0,0
252302,0,534,S,1,3,0,0,0,0,0,0,0
252310,1,534,S,1,4,1,1,1,0,1,1,9
252332,0,534,S,1,5,1,1,1,1,1,1,9
252217,0,534,L,0.2,6,4,3,3,0,0,0,40.5
252358,0,534,L,0.2,5,3,3,3,0,1,1,40.5
252167,0,534,Null,1,4,1,0,0,0,1,0,0
252179,1,534,Null,1,4,1,0,0,0,0,0,0
252197,1,534,Null,1.1,4,0,0,0,0,1,0,0
252237,0,534,Null,1,3,0,0,0,0,0,0,0
252262,0,534,Null,1,4,0,0,0,1,2,0,0
252272,1,534,Null,1,6,3,3,3,0,1,2,27
252315,1,534,Null,0.1,4,1,3,3,1,0,0,81
252382,0,534,Null,1,3,0,0,0,1,0,0,0
252388,1,534,Null,1,5,2,1,1,0,1,0,9
252179,1,535,L,1,7,4,3,3,0,0,1,27
252155,1,535,Null,2,7,1,0,0,1,3,0,0
252167,0,535,Null,1,5,1,1,1,0,2,1,9
252174,1,535,Null,1,4,1,0,0,0,0,0,0
252202,1,535,Null,2,8,2,2,2,0,1,1,9
252242,0,535,Null,1,6,3,2,2,1,1,0,18
252252,0,535,Null,0.2,3,0,0,0,1,1,0,0
252267,1,535,Null,1,3,0,0,0,0,0,0,0
252282,0,535,Null,1,5,2,1,1,0,0,0,9
252292,0,535,Null,1,5,1,0,0,1,1,0,0
252277,1,536,H,0.2,4,0,0,0,1,0,0,0
252150,1,536,Null,2,9,2,0,0,2,2,0,0
252167,0,536,Null,1,5,2,0,0,1,0,0,0
252174,1,536,Null,1,3,0,0,0,0,2,0,0
252202,1,536,Null,1,5,1,0,0,1,2,0,0
252212,0,536,Null,1,3,0,0,0,0,2,0,0
252226,1,536,Null,1,4,0,0,0,0,1,0,0
252242,0,536,Null,1,3,0,0,0,1,0,0,0
252267,1,536,Null,1.2,7,2,1,1,0,2,0,5.4
252292,0,536,Null,0,2,2,1,0,0,0,0,0
252297,0,536,Null,1,5,2,1,1,0,2,1,9
252307,0,536,Null,2,6,0,0,0,1,0,0,0
252142,1,538,W,5,20,3,0,0,1,6,0,0
252167,0,538,W,5,19,3,0,0,2,5,0,0
252231,1,538,W,6.2,25,6,0,0,3,5,0,0
252282,0,538,W,5,22,6,2,2,1,5,0,3.6
252351,1,538,W,5,18,3,0,0,0,5,0,0
252399,1,538,W,8,26,3,1,1,1,6,1,1.12
252202,1,538,L,3,18,7,6,6,3,1,2,18
252377,0,538,L,6.2,27,5,2,2,1,4,0,2.7
252257,0,538,Null,6,23,4,3,3,2,6,2,4.5
252137,1,540,W,1,6,1,1,1,2,1,0,9
252315,1,540,L,0,2,1,2,2,0,0,0,0
252341,1,540,L,0,4,3,4,4,1,0,1,0
252310,1,540,H,0.1,1,0,0,0,0,1,0,0
252155,1,540,Null,1,3,0,0,0,0,2,0,0
252167,0,540,Null,1,4,1,0,0,0,2,0,0
252179,1,540,Null,1,5,1,0,0,0,0,0,0
252197,1,540,Null,1.1,6,1,0,0,1,1,0,0
252221,1,540,Null,0.1,3,2,2,2,0,0,0,54
252337,0,540,Null,1,3,0,0,0,0,0,0,0
252358,0,540,Null,1,4,0,0,0,1,1,0,0
252388,1,540,Null,0.1,5,3,3,3,1,0,1,81
252195,0,541,Null,1,7,2,1,1,1,0,0,9
252245,0,541,Null,2,7,1,0,0,0,1,0,0
252268,1,541,Null,1.2,6,1,0,0,1,1,0,0
252278,1,541,Null,1,3,0,0,0,0,1,0,0
252283,1,541,Null,0.2,4,0,0,0,1,0,0,0
252293,1,541,Null,0.1,0,0,0,0,0,0,0,0
252296,0,541,Null,1.1,6,1,0,0,1,0,0,0
252317,1,541,Null,1,6,2,0,0,0,1,0,0
252335,1,541,Null,0.1,2,1,0,0,0,0,0,0
252351,0,541,Null,1,6,2,3,3,1,0,1,27
252242,0,546,W,7,26,6,1,1,1,6,0,1.29
252398,1,546,W,6.2,26,6,1,1,0,6,0,1.35
252155,1,546,L,5,22,7,3,3,1,5,2,5.4
252212,0,546,L,7,27,7,3,3,1,3,2,3.86
252292,0,546,L,4.1,24,11,6,6,0,5,0,12.46
252179,1,546,Null,5.1,24,8,2,2,0,3,2,3.38
252267,1,546,Null,5,21,5,2,2,1,8,1,3.6
252315,1,546,Null,7,25,2,0,0,3,3,0,0
252341,1,546,Null,4,21,9,5,4,2,0,0,9
252377,0,546,Null,1.1,6,1,0,0,1,0,0,0
252220,0,605,Null,1,4,0,0,0,1,0,0,0
252238,1,605,Null,1.1,6,1,0,0,1,2,0,0
252243,1,605,Null,0.2,5,2,1,1,1,0,0,13.5
252252,1,605,Null,0.1,2,0,0,0,1,1,0,0
252262,1,605,Null,0.2,4,0,2,2,2,1,0,27
252265,0,605,Null,1,9,2,1,0,3,1,0,0
252284,1,605,Null,0.2,2,0,0,0,0,2,0,0
252269,0,606,W,1.1,5,1,0,0,0,2,0,0
252387,1,606,W,1.1,5,1,0,0,0,0,0,0
252139,0,606,S,1,3,0,0,0,0,1,0,0
252182,1,606,S,1,7,2,2,1,1,2,0,9
252204,1,606,S,1,3,0,0,0,0,3,0,0
252209,1,606,S,1,4,0,0,0,0,2,0,0
252233,1,606,S,1,4,1,0,0,0,0,0,0
252234,0,606,S,1,3,0,0,0,0,2,0,0
252274,0,606,S,1,4,1,0,0,0,0,0,0
252284,0,606,S,1,4,1,0,0,0,1,0,0
252296,1,606,S,1,6,1,1,0,1,0,0,0
252306,1,606,S,0.1,1,0,0,0,0,1,0,0
252309,0,606,S,1,4,0,0,0,1,1,0,0
252324,0,606,S,1,5,1,0,0,1,2,0,0
252329,0,606,S,1,3,0,0,0,0,0,0,0
252334,0,606,S,1,4,1,0,0,0,3,0,0
252360,1,606,S,1,4,1,0,0,0,1,0,0
252365,1,606,S,1,3,0,0,0,0,0,0,0
252369,0,606,S,1,4,1,0,0,0,1,0,0
252392,1,606,S,1,3,0,0,0,0,0,0,0
252149,0,606,Null,0.1,1,0,0,0,0,0,0,0
252172,1,606,Null,0.2,3,1,1,1,0,1,1,13.5
252199,0,606,Null,1,3,0,0,0,0,0,0,0
252162,0,608,W,5,20,6,2,2,2,2,0,3.6
252272,1,608,W,1,7,3,2,2,1,1,0,18
252332,0,608,W,7,24,2,0,0,1,6,0,0
252307,0,608,L,1.2,14,6,6,5,2,3,1,27
252237,0,608,H,1.2,7,2,1,1,1,1,0,5.4
252142,1,608,Null,2,7,2,0,0,0,1,0,0
252197,1,608,Null,0.1,3,1,1,0,0,1,0,0
252217,0,608,Null,6.1,23,4,2,1,1,4,0,1.42
252252,0,608,Null,4.2,21,7,4,4,2,4,2,7.71
252287,0,608,Null,2,8,2,0,0,0,0,0,0
252363,0,608,Null,1,3,1,0,0,0,1,0,0
252372,0,608,Null,1,6,3,1,1,0,0,0,9
252382,0,608,Null,1.1,6,1,1,1,1,1,0,6.75
252393,1,608,Null,1.1,6,2,1,1,0,1,0,6.75
252174,1,611,W,5.2,24,4,3,3,2,4,2,4.76
252207,0,611,W,5,20,3,0,0,2,6,0,0
252237,0,611,W,5,24,7,4,4,4,4,0,7.2
252262,0,611,W,5,21,6,3,3,1,4,0,5.4
252337,0,611,W,6,24,5,2,2,1,9,0,3
252393,1,611,W,5,24,4,1,1,3,3,0,1.8
252150,1,611,L,5.1,27,9,6,6,1,8,2,10.12
252372,0,611,L,5,22,6,4,4,1,2,1,7.2
252287,0,611,Null,5,23,6,4,2,0,3,0,3.6
252310,1,611,Null,5,24,7,3,3,3,3,0,5.4
252197,1,613,W,2,7,1,0,0,0,2,0,0
252310,1,613,W,1.2,5,0,0,0,0,2,0,0
252221,1,613,S,1,4,0,0,0,0,1,0,0
252257,0,613,L,1.1,8,4,1,1,0,3,0,6.75
252267,1,613,L,0.1,8,4,7,5,2,0,2,135
252142,1,613,H,1.2,5,0,0,0,0,1,0,0
252179,1,613,H,0.2,2,0,0,0,0,0,0,0
252231,1,613,H,1,8,4,2,2,1,1,0,18
252302,0,613,H,0.1,2,0,0,0,1,0,0,0
252337,0,613,H,1,3,0,0,0,0,1,0,0
252351,1,613,H,1,4,1,0,0,0,0,0,0
252393,1,613,H,1.2,5,1,0,0,0,1,0,0
252398,1,613,H,1.1,4,0,0,0,0,2,0,0
252155,1,613,Null,1,7,4,4,4,0,1,2,36
252162,0,613,Null,1,3,0,0,0,0,2,0,0
252172,0,613,Null,1,3,0,0,0,0,0,0,0
252207,0,613,Null,2,6,0,0,0,0,4,0,0
252217,0,613,Null,0.2,4,0,0,0,1,2,0,0
252247,0,613,Null,0.2,4,1,0,0,1,1,0,0
252282,0,613,Null,1,4,1,0,0,0,2,0,0
252292,0,613,Null,1.1,7,3,1,1,1,2,0,6.75
252332,0,613,Null,1,4,1,0,0,0,2,0,0
252358,0,613,Null,1,4,1,0,0,0,1,0,0
252340,1,624,W,6,21,3,0,0,1,7,0,0
252310,0,624,L,5,24,6,5,3,3,2,0,5.4
252371,1,624,L,6,24,5,3,3,1,3,0,4.5
252395,0,624,L,4.1,22,8,5,5,2,4,1,10.38
252213,1,624,Null,1,3,0,0,0,0,2,0,0
252218,1,624,Null,1,4,1,0,0,0,1,0,0
252220,0,624,Null,0.1,1,0,0,0,0,0,0,0
252257,1,624,Null,5,21,5,0,0,2,4,0,0
252279,1,624,Null,6,24,7,2,2,0,2,1,3
252157,1,625,W,6,22,2,1,1,2,4,1,1.5
252181,1,625,W,7,30,8,2,2,1,6,0,2.57
252216,0,625,W,6,22,4,2,2,0,2,0,3
252371,0,625,W,6,21,3,0,0,1,3,0,0
252397,0,625,W,7,27,7,0,0,1,3,0,0
252353,1,625,Null,2,7,1,0,0,1,3,0,0
252201,1,630,W,1,8,5,4,4,0,2,0,36
252143,1,630,S,1,3,0,0,0,0,0,0,0
252152,1,630,S,1,5,1,1,1,1,1,0,9
252157,1,630,S,1,3,0,0,0,0,1,0,0
252181,1,630,S,0.2,2,1,0,0,0,0,0,0
252196,1,630,S,1.1,4,0,0,0,0,0,0,0
252317,0,630,S,1,4,1,0,0,0,1,0,0
252211,0,630,H,0.1,3,2,1,1,0,0,1,27
252363,1,630,H,1,4,1,0,0,0,1,0,0
252138,1,630,Null,1.1,7,3,2,2,1,1,0,13.5
252176,1,630,Null,1,8,4,2,2,1,0,1,18
252267,0,630,Null,0.2,6,4,4,4,0,0,0,54
252277,0,630,Null,0.2,3,1,0,0,0,0,0,0
252281,0,630,Null,1,4,0,0,0,1,1,0,0
252291,0,630,Null,1,3,1,0,0,0,0,0,0
252305,1,630,Null,2,7,0,0,0,1,4,0,0
252322,0,630,Null,1,3,0,0,0,0,1,0,0
252343,1,630,Null,0.2,4,0,1,0,1,1,0,0
252358,1,630,Null,1.1,5,1,0,0,0,3,0,0
252371,0,630,Null,1,3,0,0,0,0,2,0,0
252381,0,630,Null,1.1,5,2,0,0,0,0,0,0
252166,0,631,Null,0.2,4,1,0,0,1,0,0,0
252171,0,631,Null,1.2,6,1,0,0,1,2,0,0
252176,1,631,Null,0,1,0,0,0,1,0,0,0
252272,0,631,Null,1,3,0,0,0,0,1,0,0
252277,0,631,Null,0,1,0,0,0,1,0,0,0
252286,0,631,Null,1,3,0,0,0,0,1,0,0
252392,0,631,Null,0.2,2,0,0,0,1,0,0,0
252398,0,638,Null,0.2,3,0,0,0,1,1,0,0
252315,0,640,W,0.2,2,0,0,0,0,2,0,0
252385,0,640,L,0.1,3,2,2,2,0,0,1,54
252252,1,640,H,1,4,1,0,0,0,1,0,0
252257,1,640,H,2,6,0,0,0,0,2,0,0
252270,0,640,H,0.2,3,1,1,1,0,0,0,13.5
252279,1,640,H,1,3,0,0,0,0,3,0,0
252289,1,640,H,1.2,7,2,1,1,0,0,1,5.4
252325,0,640,H,1,3,0,0,0,0,2,0,0
252350,1,640,H,1.1,4,0,0,0,1,1,0,0
252182,0,640,Null,2,6,1,0,0,0,3,0,0
252195,1,640,Null,1,4,1,0,0,0,3,0,0
252200,1,640,Null,0.1,1,0,0,0,0,0,0,0
252208,1,640,Null,1.2,6,1,1,1,0,3,0,5.4
252213,1,640,Null,1,3,0,0,0,0,0,0,0
252238,1,640,Null,0.2,5,2,2,2,1,0,0,27
252243,1,640,Null,1.2,5,1,0,0,0,2,0,0
252294,1,640,Null,1,3,1,0,0,0,0,0,0
252304,1,640,Null,1,3,0,0,0,0,0,0,0
252340,1,640,Null,1,3,0,0,0,0,1,0,0
252367,0,640,Null,1,4,0,0,0,1,2,0,0
252381,1,640,Null,1.2,6,2,0,0,0,2,0,0
252147,1,642,Null,0.1,1,0,0,0,0,0,0,0
252227,0,642,Null,2,6,0,0,0,0,2,0,0
252249,1,642,Null,1,4,0,1,1,1,0,0,9
252259,1,642,Null,1.1,11,7,6,6,0,0,1,40.5
252277,0,642,Null,1.2,7,1,0,0,0,3,0,0
252305,1,642,Null,0,1,0,0,0,0,0,0,0
252392,0,642,Null,2.1,12,3,1,1,1,1,0,3.86
252211,0,643,W,5.2,26,8,5,5,0,4,1,7.94
252234,1,643,L,5,24,10,5,5,2,4,2,9
252259,1,643,L,3,19,8,6,6,1,2,1,18
252286,0,643,L,5.1,26,9,5,5,1,1,0,8.44
252152,1,643,Null,6,30,9,4,4,2,6,0,6
252176,1,643,Null,6.2,28,8,1,1,1,5,1,1.35
252312,0,643,Null,1.2,13,8,6,6,0,1,0,32.4
252376,0,643,Null,3,14,4,1,1,0,4,1,3
252210,0,645,W,5,22,6,4,4,1,5,3,7.2
252290,1,645,W,7.1,29,7,3,3,0,6,0,3.68
252237,1,645,L,4.1,25,10,5,5,2,7,2,10.38
252318,1,645,L,5,27,10,7,6,1,5,0,10.8
252340,0,645,L,7,30,10,6,6,0,7,1,7.71
252365,0,645,L,6,27,9,4,3,0,5,0,4.5
252199,1,645,Null,1,4,2,0,0,0,0,0,0
252260,0,645,Null,6,27,5,2,1,3,4,0,1.5
252389,0,645,Null,5,28,10,5,5,3,4,1,9
252176,1,677,W,2,11,1,0,0,4,3,0,0
252358,1,677,W,0.1,3,1,0,0,0,1,0,0
252381,0,677,W,0.2,7,1,3,3,4,1,0,40.5
252161,0,677,S,2.2,9,1,0,0,0,1,0,0
252216,0,677,S,1.1,5,1,0,0,0,1,0,0
252232,0,677,S,1,3,0,0,0,0,2,0,0
252239,1,677,S,1.1,6,3,0,0,0,3,0,0
252244,1,677,S,2,7,0,0,0,1,3,0,0
252254,1,677,S,1.2,7,2,1,1,1,1,0,5.4
252267,0,677,S,2,9,1,0,0,2,3,0,0
252295,1,677,S,1.1,4,1,0,0,0,0,0,0
252312,0,677,S,1,3,0,0,0,0,0,0,0
252363,1,677,S,1,5,1,0,0,1,2,0,0
252305,1,677,L,1.1,6,2,1,1,1,1,0,6.75
252157,1,677,H,1,6,0,0,0,2,2,0,0
252211,0,677,H,0.2,3,1,0,0,0,1,0,0
252138,1,677,Null,0.1,2,0,0,0,1,0,0,0
252147,1,677,Null,1,3,0,0,0,0,0,0,0
252171,0,677,Null,0,3,3,2,2,0,0,1,0
252227,0,677,Null,0.1,1,0,0,0,0,0,0,0
252272,0,677,Null,0,2,2,1,1,0,0,1,0
252331,0,677,Null,1,3,0,0,0,0,2,0,0
252336,0,677,Null,2,8,1,0,0,1,2,0,0
252397,0,677,Null,0.2,4,1,1,0,1,0,0,0
252239,1,696,W,0.1,3,0,0,0,2,1,0,0
252201,1,696,H,0.1,2,1,0,0,0,0,0,0
252211,0,696,H,0.1,2,1,0,0,0,0,0,0
252232,0,696,H,0.1,2,1,0,0,0,1,0,0
252387,0,696,H,0.1,1,0,0,0,0,0,0,0
252147,1,696,Null,1.1,4,0,0,0,1,1,0,0
252206,0,696,Null,0.2,2,0,0,0,0,0,0,0
252234,1,696,Null,1,4,1,0,0,0,3,0,0
252326,0,696,Null,0,3,3,3,3,0,0,1,0
252343,1,696,Null,0.1,3,1,2,2,1,0,0,54
252376,0,696,Null,1,3,0,0,0,0,1,0,0
252392,0,696,Null,1,4,1,1,1,0,0,1,9
252397,0,696,Null,1,3,1,0,0,0,0,0,0
252397,0,697,Null,0.1,2,0,0,0,1,0,0,0
252289,1,713,H,0.1,2,1,0,0,0,0,0,0
252142,0,713,Null,0.1,1,0,0,0,0,1,0,0
252147,0,713,Null,0.2,4,0,2,2,2,0,0,27
252160,1,713,Null,0.1,1,0,0,0,0,0,0,0
252165,1,713,Null,0.2,2,0,0,0,0,0,0,0
252170,1,713,Null,0.1,1,0,0,0,0,0,0,0
252177,0,713,Null,1.2,7,0,1,0,0,1,0,0
252182,0,713,Null,0,1,0,0,0,1,0,0,0
252195,1,713,Null,1,3,0,0,0,0,0,0,0
252200,1,713,Null,0.2,1,0,0,0,0,0,0,0
252220,0,713,Null,0,2,0,1,0,0,0,0,0
252238,1,713,Null,0.2,3,1,0,0,0,1,0,0
252243,1,713,Null,0.2,2,0,0,0,0,1,0,0
252248,1,713,Null,2.2,10,2,1,1,0,0,0,3.38
252257,1,713,Null,0.2,2,0,0,0,0,0,0,0
252265,0,713,Null,1.2,8,3,2,2,0,1,0,10.8
252270,0,713,Null,0,1,1,1,1,0,0,0,0
252284,1,713,Null,0.1,1,0,0,0,0,1,0,0
252299,1,713,Null,0.2,5,3,2,2,0,0,0,27
252310,0,713,Null,0.1,1,0,0,0,0,0,0,0
252315,0,713,Null,0.2,2,0,0,0,0,0,0,0
252330,0,713,Null,1,3,0,0,0,0,1,0,0
252357,0,713,Null,0.1,1,0,0,0,0,0,0,0
252367,0,713,Null,0.1,1,0,0,0,0,1,0,0
252376,1,713,Null,1,3,0,0,0,0,1,0,0
252381,1,713,Null,0.1,2,1,1,1,0,0,0,27
252385,0,713,Null,0.1,5,2,4,2,1,0,0,54
252392,0,715,L,2.1,11,3,1,1,1,3,1,3.86
252312,0,715,H,1,3,0,0,0,0,2,0,0
252387,0,715,H,0.2,3,0,0,0,0,1,0,0
252259,1,715,Null,1,5,2,0,0,0,0,0,0
252267,0,715,Null,0,2,2,2,2,0,0,1,0
252272,0,715,Null,0.1,2,1,0,0,0,0,0,0
252317,0,715,Null,0.1,1,0,0,0,0,0,0,0
252326,0,715,Null,1,4,1,0,0,0,1,0,0
252336,0,715,Null,2.1,7,0,0,0,0,1,0,0
252343,1,715,Null,1,4,1,0,0,0,1,0,0
252358,1,715,Null,0.2,4,1,1,1,1,0,0,13.5
252166,0,717,Null,1,13,7,9,9,3,1,2,81
252157,0,722,L,5,24,7,4,3,2,5,0,5.4
252182,0,722,Null,5,23,5,3,3,3,6,0,5.4
252213,1,722,Null,1.1,4,0,0,0,0,0,0,0
252150,0,723,S,1.1,4,0,0,0,0,1,0,0
252260,0,723,S,1,4,0,0,0,1,3,0,0
252135,0,723,H,1,4,1,0,0,0,1,0,0
252247,1,723,H,1,3,0,0,0,0,3,0,0
252250,0,723,H,0.2,2,0,0,0,0,0,0,0
252161,1,723,Null,0.1,3,1,1,1,1,0,0,27
252185,0,723,Null,2,7,1,0,0,0,1,0,0
252199,1,723,Null,0.1,4,2,2,2,1,1,0,54
252215,0,723,Null,1,4,1,0,0,0,1,0,0
252229,0,723,Null,1.2,5,0,0,0,0,3,0,0
252290,1,723,Null,0,3,0,0,0,2,0,0,0
252144,0,726,Null,0.2,3,1,0,0,0,1,0,0
252228,1,726,Null,1,5,2,1,1,0,1,1,9
252213,1,727,W,3.2,11,0,0,0,0,6,0,0
252252,1,727,W,1.1,7,1,1,1,2,2,1,6.75
252289,1,727,W,1.1,5,0,0,0,1,1,0,0
252304,1,727,W,0.1,2,1,0,0,0,0,0,0
252357,0,727,S,1,4,1,0,0,0,2,0,0
252137,0,727,L,0.2,5,2,1,1,1,0,1,13.5
252294,1,727,H,1,4,0,0,0,1,0,0,0
252325,0,727,H,1,6,2,0,0,1,3,0,0
252335,0,727,H,1,3,0,0,0,0,2,0,0
252350,1,727,H,1,4,1,0,0,0,1,0,0
252367,0,727,H,1,5,1,0,0,1,2,0,0
252147,0,727,Null,1.1,6,1,0,0,1,3,0,0
252157,0,727,Null,1,4,1,0,0,0,1,0,0
252160,1,727,Null,1,3,0,0,0,0,0,0,0
252170,1,727,Null,0.1,1,0,0,0,0,0,0,0
252177,0,727,Null,1,5,1,2,1,0,0,0,9
252190,1,727,Null,1,5,0,0,0,2,2,0,0
252238,1,727,Null,0.2,4,2,0,0,0,1,0,0
252243,1,727,Null,1,6,0,0,0,3,2,0,0
252265,0,727,Null,0.1,1,0,0,0,0,1,0,0
252270,0,727,Null,0,3,2,0,0,1,0,0,0
252284,1,727,Null,1.1,5,1,0,0,1,0,0,0
252310,0,727,Null,1,5,1,0,0,1,2,0,0
252381,1,727,Null,1,3,0,0,0,1,0,0,0
252385,0,727,Null,0.2,5,2,3,0,0,0,0,0
252190,1,729,Null,4.1,22,8,5,5,1,0,3,10.38
252213,1,729,Null,1,4,1,0,0,0,2,0,0
252218,1,729,Null,1.1,5,1,1,1,0,2,0,6.75
252220,0,729,Null,0,1,1,1,1,0,0,0,0
252238,1,729,Null,0.1,3,1,2,2,1,0,0,54
252299,1,729,Null,3.2,21,6,5,4,4,3,0,9.82
252299,1,732,Null,1,7,1,2,0,2,2,0,0
252265,0,772,W,6,27,5,5,5,3,10,2,7.5
252350,1,772,W,5.2,21,3,1,1,3,6,1,1.59
252376,1,772,W,6,27,7,2,2,2,5,0,3
252177,0,772,L,2,16,7,7,7,3,1,1,31.5
252402,0,772,L,3.2,23,9,7,7,2,3,3,17.18
252152,0,772,Null,5,23,2,3,3,4,5,1,5.4
252208,1,772,Null,5,21,3,2,2,5,6,1,3.6
252243,1,772,Null,3.1,18,9,5,5,1,5,2,13.5
252289,1,772,Null,4,21,8,2,2,3,5,0,4.5
252315,0,772,Null,6,25,5,1,1,2,9,0,1.5
252220,0,774,W,0.2,2,0,0,0,0,0,0,0
252257,1,774,W,0.1,1,0,0,0,0,0,0,0
252299,1,774,L,1,5,2,1,1,0,1,1,9
252142,0,774,Null,1.1,5,1,1,1,0,1,1,6.75
252157,0,774,Null,2,6,1,0,0,0,2,0,0
252165,1,774,Null,0.1,4,2,0,0,1,0,0,0
252177,0,774,Null,1.1,8,1,3,3,3,2,0,20.25
252190,1,774,Null,1,5,1,0,0,0,2,0,0
252213,1,774,Null,1,5,1,0,0,1,1,0,0
252218,1,774,Null,1,3,0,0,0,0,1,0,0
252238,1,774,Null,0.1,2,0,1,1,1,1,0,27
252243,1,774,Null,2.1,8,2,1,1,0,4,1,3.86
252262,1,774,Null,2.1,10,2,0,0,2,1,0,0
252275,0,774,Null,1.2,7,2,0,0,0,1,0,0
252402,0,774,Null,3,12,3,3,3,2,1,0,9
252208,1,775,W,1.1,6,1,0,0,1,2,0,0
252270,0,775,W,1.2,8,3,0,0,0,0,0,0
252279,1,775,W,1,6,3,1,1,0,0,0,9
252152,0,775,L,1.2,11,3,3,0,0,0,0,0
252200,1,775,L,0.1,4,2,2,2,1,0,0,54
252252,1,775,H,1,5,1,1,1,1,2,0,9
252137,0,775,Null,1.1,4,1,0,0,0,3,0,0
252165,1,775,Null,1.2,6,1,0,0,1,1,0,0
252182,0,775,Null,0.1,5,2,2,2,2,1,0,54
252195,1,775,Null,1,4,1,0,0,1,1,0,0
252218,1,775,Null,0.2,4,1,0,0,1,1,0,0
252243,1,775,Null,1,3,1,0,0,0,0,0,0
252257,1,775,Null,0,3,3,3,3,0,0,1,0
252143,1,784,W,7,27,6,4,4,1,4,1,5.14
252249,1,784,W,6,22,4,1,1,2,4,1,1.5
252317,0,784,W,6,22,3,0,0,3,5,0,0
252227,0,784,L,3.2,21,8,7,7,2,4,2,17.18
252277,0,784,L,4,20,5,4,4,4,4,1,9
252343,1,784,L,5,25,9,7,7,1,3,1,12.6
252376,0,784,L,1.2,14,6,8,8,3,1,1,43.2
252166,0,784,Null,3.2,21,8,8,6,2,1,1,14.73
252201,1,784,Null,4.1,21,6,5,5,1,6,1,10.38
252170,1,785,W,0.1,3,0,0,0,2,0,0,0
252182,0,785,L,0.2,4,2,2,2,0,0,0,27
252142,0,785,Null,1,4,1,0,0,0,1,0,0
252152,0,785,Null,0.1,1,0,0,0,0,0,0,0
252160,1,785,Null,1,5,2,1,1,0,1,0,9
252165,1,785,Null,0.2,3,1,0,0,0,0,0,0
252177,0,785,Null,1,3,0,0,0,0,1,0,0
252190,1,785,Null,0,2,1,2,2,1,0,1,0
252262,1,785,Null,3,12,3,2,2,2,1,1,6
252275,0,785,Null,1.2,5,0,0,0,0,1,0,0
252284,1,785,Null,0.2,2,0,0,0,0,1,0,0
252299,1,785,Null,0.2,5,2,1,0,0,0,0,0
252310,0,785,Null,0.1,2,1,0,0,0,0,0,0
252315,0,785,Null,1,3,0,0,0,0,2,0,0
252335,0,785,Null,1.1,4,0,0,0,0,1,0,0
252357,0,785,Null,0.2,3,1,0,0,0,0,0,0
252371,1,785,Null,1,6,2,0,0,1,0,0,0
252376,1,785,Null,1,3,0,0,0,0,0,0,0
252381,1,785,Null,0.1,4,1,3,3,1,0,0,81
252385,0,785,Null,0,2,1,1,0,1,0,0,0
252395,0,785,Null,1,6,3,3,3,0,1,1,27
252165,0,799,W,1.1,4,0,0,0,0,0,0,0
252170,0,799,L,0.2,4,2,2,2,0,0,0,27
252298,1,799,L,0.2,4,2,2,2,0,2,0,27
252136,1,799,H,1,4,1,1,1,0,1,1,9
252144,1,799,H,0.2,2,1,0,0,0,0,0,0
252154,1,799,Null,0.2,3,0,0,0,1,0,0,0
252178,1,799,Null,0.2,4,2,1,1,0,0,0,13.5
252196,0,799,Null,0.2,3,0,0,0,1,0,0,0
252201,0,799,Null,1.2,6,0,0,0,1,2,0,0
252215,1,799,Null,0.1,3,2,2,1,0,0,1,27
252281,1,799,Null,0.2,3,1,0,0,0,1,0,0
252286,1,799,Null,1,3,0,0,0,0,0,0,0
252308,1,799,Null,0,3,1,3,3,2,0,0,0
252380,0,799,Null,2,19,13,11,11,0,1,4,49.5
252136,1,800,S,0.2,2,0,0,0,0,1,0,0
252149,1,800,L,0.2,6,4,4,4,0,0,0,54
252144,1,800,H,1,5,0,0,0,1,1,0,0
252170,0,800,H,0.1,1,0,0,0,0,0,0,0
252342,0,800,H,1.2,6,0,0,0,1,1,0,0
252357,1,800,H,2,6,2,0,0,0,0,0,0
252165,0,800,Null,0.2,4,2,1,1,1,0,0,13.5
252196,0,800,Null,0.2,2,0,0,0,0,1,0,0
252201,0,800,Null,0,3,1,1,1,2,0,0,0
252210,1,800,Null,1.1,5,1,0,0,0,1,0,0
252221,0,800,Null,0.1,3,1,0,0,1,1,0,0
252226,0,800,Null,1,8,4,3,3,1,0,0,27
252311,0,800,Null,1.1,4,0,0,0,0,1,0,0
252327,1,800,Null,1.2,7,2,0,0,0,3,0,0
252370,0,800,Null,0,2,0,0,0,2,0,0,0
252375,0,800,Null,3,9,1,0,0,0,2,0,0
252386,0,800,Null,0.2,4,2,2,2,0,1,0,27
252400,1,800,Null,1,3,1,0,0,0,0,0,0
252389,0,802,W,1,4,2,0,0,0,0,0,0
252135,0,802,H,1,4,1,0,0,0,1,0,0
252150,0,802,H,1.2,5,0,0,0,0,0,0,0
252166,1,802,H,2,6,0,0,0,0,1,0,0
252185,0,802,Null,1,7,2,2,2,2,1,0,18
252199,1,802,Null,0.1,2,1,0,0,0,1,0,0
252210,0,802,Null,1,3,0,0,0,0,2,0,0
252229,0,802,Null,0.1,5,4,2,2,0,0,0,54
252255,0,802,Null,0.2,5,2,1,1,1,0,0,13.5
252265,1,802,Null,1,3,0,0,0,0,0,0,0
252280,1,802,Null,0.2,6,4,4,4,0,1,1,54
252313,1,802,Null,3,13,4,2,2,0,0,1,6
252380,1,802,Null,1,4,1,1,1,0,1,1,9
252401,1,802,Null,0,3,3,3,3,0,0,1,0
252144,1,803,S,1,3,0,0,0,0,1,0,0
252154,1,803,S,1,4,1,0,0,0,1,0,0
252183,1,803,S,1,5,1,0,0,0,1,0,0
252205,1,803,L,1,5,2,2,2,0,1,1,18
252141,1,803,Null,1,3,0,0,0,0,1,0,0
252160,0,803,Null,0.2,3,1,1,1,0,1,1,13.5
252170,0,803,Null,0.1,2,1,0,0,0,1,0,0
252201,0,803,Null,1,8,2,3,2,2,2,0,18
252183,1,805,W,7,26,3,1,1,2,6,0,1.29
252231,0,805,L,6,26,11,3,3,0,2,0,4.5
252256,1,805,L,3.1,19,6,4,4,2,4,0,10.8
252281,1,805,L,5.2,21,4,3,1,1,7,1,1.59
252332,1,805,L,7,28,7,4,4,1,5,0,5.14
252380,0,805,L,1,9,5,4,4,1,1,0,36
252154,1,805,Null,6,23,4,1,1,1,2,0,1.5
252205,1,805,Null,7.2,28,5,2,2,1,6,1,2.35
252308,1,805,Null,6,26,8,5,5,0,6,1,7.5
252357,1,805,Null,5,20,5,1,1,0,4,0,1.8
252149,1,810,Null,0.1,1,0,0,0,0,0,0,0
252160,0,810,Null,0.1,3,1,2,2,1,1,1,54
252226,0,810,Null,2,7,1,1,1,0,5,1,4.5
252246,0,810,Null,2,7,2,1,1,0,3,1,4.5
252256,1,810,Null,4,15,2,0,0,1,7,0,0
252281,1,810,Null,0.2,6,2,2,2,2,1,0,27
252291,1,810,Null,2,7,1,1,1,0,0,1,4.5
252298,1,810,Null,0,2,1,2,2,1,0,0,0
252352,0,810,Null,0.2,2,0,0,0,0,1,0,0
252357,1,810,Null,0.2,3,0,0,0,1,2,0,0
252380,0,810,Null,1,5,3,1,1,0,0,0,9
252386,0,810,Null,0,3,3,1,1,0,0,0,0
252391,0,810,Null,3.2,15,2,1,1,3,4,0,2.45
252227,1,811,W,5,23,8,6,6,0,4,2,10.8
252253,0,811,W,6,26,7,1,1,0,3,0,1.5
252388,0,811,W,6,25,5,3,3,1,2,1,4.5
252151,1,811,L,3.2,20,9,7,7,1,1,1,17.18
252175,1,811,L,4,21,7,5,5,1,4,0,11.25
252278,0,811,L,3.1,21,6,6,6,4,2,1,16.2
252329,1,811,L,6,24,5,2,2,1,1,1,3
252203,0,811,Null,6,21,5,2,2,0,6,2,3
252303,0,811,Null,2.2,15,6,5,5,0,1,3,16.88
252359,1,811,Null,5,19,5,1,1,0,4,0,1.8
252236,0,812,W,2.2,8,0,0,0,0,3,0,0
252241,0,812,S,0.2,2,0,0,0,0,0,0,0
252311,0,812,S,1,4,1,0,0,0,0,0,0
252141,1,812,Null,0.2,2,0,0,0,0,0,0,0
252144,1,812,Null,0.1,5,4,3,3,0,0,2,81
252261,1,812,Null,1.1,5,0,0,0,1,2,0,0
252271,0,812,Null,0.2,3,1,0,0,0,1,0,0
252276,0,812,Null,1,4,1,0,0,0,2,0,0
252286,1,812,Null,1.1,5,0,0,0,0,1,0,0
252303,1,812,Null,1.2,7,2,0,0,0,0,0,0
252327,1,812,Null,1,3,0,0,0,0,2,0,0
252342,0,812,Null,1.2,10,4,2,2,1,2,1,10.8
252357,1,812,Null,1,6,2,1,1,1,1,0,9
252370,0,812,Null,1,3,0,0,0,1,0,0,0
252391,0,812,Null,0.1,1,0,0,0,0,0,0,0
252400,1,812,Null,0,3,3,3,3,0,0,0,0
252321,0,813,Null,3,14,6,4,4,2,0,0,12
252337,1,813,Null,2,10,4,1,1,0,0,0,4.5
252352,0,813,Null,0.1,1,0,0,0,0,0,0,0
252357,1,813,Null,0.1,1,0,0,0,0,0,0,0
252367,1,813,Null,1,5,2,1,1,1,1,0,9
252374,0,875,S,0.2,1,0,0,0,0,0,0,0
252154,0,875,H,0.1,1,0,0,0,0,1,0,0
252182,1,875,H,1,3,0,0,0,0,1,0,0
252209,1,875,H,0.2,2,0,0,0,0,0,0,0
252233,1,875,H,1,2,0,0,0,0,0,0,0
252296,1,875,H,0.1,1,0,0,0,0,1,0,0
252329,0,875,H,0.1,3,1,0,0,0,0,0,0
252360,1,875,H,1,3,0,0,0,0,1,0,0
252134,0,875,Null,1,3,0,0,0,0,0,0,0
252139,0,875,Null,0,1,1,0,0,0,0,0,0
252149,0,875,Null,0.1,1,0,0,0,0,0,0,0
252167,1,875,Null,1,5,2,1,0,0,0,0,0
252172,1,875,Null,0.2,2,0,0,0,0,0,0,0
252177,1,875,Null,1.1,4,0,0,0,0,1,0,0
252199,0,875,Null,0.2,5,1,0,0,2,0,0,0
252223,1,875,Null,0.2,3,0,0,0,1,1,0,0
252239,0,875,Null,0.1,1,0,0,0,0,1,0,0
252244,0,875,Null,0,2,2,0,0,0,0,0,0
252258,1,875,Null,0.1,1,0,0,0,0,0,0,0
252274,0,875,Null,0.1,2,0,0,0,1,0,0,0
252289,0,875,Null,1.1,5,1,0,0,0,2,0,0
252306,1,875,Null,0.2,3,1,0,0,0,1,0,0
252342,1,875,Null,1,4,0,0,0,1,0,0,0
252352,1,875,Null,0.1,1,0,0,0,0,0,0,0
252387,1,875,Null,0,1,0,1,1,0,0,0,0
252399,0,875,Null,0,2,0,1,1,2,0,0,0
252234,0,878,W,5,20,5,2,2,1,5,0,3.6
252144,0,878,L,3.1,19,4,6,3,2,4,1,8.1
252263,1,878,L,4.1,23,10,8,8,0,2,2,16.62
252209,1,878,Null,4.1,23,7,4,4,3,6,1,8.31
252156,0,910,L,2,13,3,6,6,4,2,2,27
252173,0,919,L,1,8,5,2,1,0,0,0,9
252151,1,919,Null,3.2,14,2,2,2,0,2,1,4.91
252175,1,919,Null,2,9,2,0,0,1,1,0,0
252193,0,919,Null,1,9,6,3,3,0,2,1,27
252154,1,929,W,0.2,3,1,0,0,0,1,0,0
252342,0,929,W,1.1,5,1,0,0,0,1,0,0
252261,1,929,L,1.1,7,2,2,2,1,2,2,13.5
252375,0,929,L,0.2,5,2,1,1,1,0,0,13.5
252165,0,929,H,1.1,5,1,0,0,0,0,0,0
252357,1,929,H,1,3,0,0,0,0,2,0,0
252149,1,929,Null,1,5,1,0,0,1,1,0,0
252170,0,929,Null,2,8,2,0,0,0,2,0,0
252178,1,929,Null,0.2,6,2,2,2,2,2,0,27
252188,1,929,Null,0.2,2,0,0,0,0,1,0,0
252196,0,929,Null,0.2,3,0,0,0,1,0,0,0
252201,0,929,Null,2,8,2,1,1,0,3,0,4.5
252210,1,929,Null,0.2,6,4,3,3,0,1,1,40.5
252221,0,929,Null,1,6,1,0,0,2,1,0,0
252231,0,929,Null,1.1,6,1,0,0,1,1,0,0
252236,0,929,Null,1,5,0,0,0,2,3,0,0
252271,0,929,Null,1,6,2,0,0,1,0,0,0
252327,1,929,Null,1.1,4,0,0,0,0,1,0,0
252352,0,929,Null,1,3,0,0,0,0,0,0,0
252370,0,929,Null,1.2,7,1,1,1,2,0,0,5.4
252396,0,929,Null,0.2,4,1,0,0,1,0,0,0
252171,1,937,W,1.1,5,0,0,0,1,1,0,0
252375,1,937,H,0.1,3,2,1,1,0,0,0,27
252140,0,937,Null,1,6,3,3,3,0,0,1,27
252145,0,937,Null,2,8,2,0,0,0,4,0,0
252161,1,937,Null,2,7,1,0,0,0,0,0,0
252199,1,937,Null,0,2,0,1,1,2,0,0,0
252210,0,937,Null,1,3,0,0,0,0,1,0,0
252224,0,937,Null,1,4,1,0,0,0,2,0,0
252237,1,937,Null,1,6,2,1,1,1,1,0,9
252242,1,937,Null,1.1,5,1,1,0,0,1,1,0
252255,0,937,Null,1,5,1,0,0,1,1,0,0
252265,1,937,Null,2,10,3,1,1,0,3,0,4.5
252285,1,937,Null,1,5,2,0,0,0,1,0,0
252295,0,937,Null,1.2,5,0,0,0,0,1,0,0
252313,1,937,Null,1.1,5,1,1,1,0,3,1,6.75
252328,1,937,Null,1,5,1,0,0,1,2,0,0
252338,1,937,Null,0.1,1,0,0,0,0,0,0,0
252360,0,937,Null,1,3,0,0,0,0,0,0,0
252389,0,937,Null,1,5,3,2,2,0,0,0,18
252247,0,941,W,1,5,2,0,0,0,0,0,0
252137,1,941,H,1,3,0,0,0,0,0,0,0
252231,1,941,H,0.1,2,1,0,0,0,0,0,0
252145,1,941,Null,1.1,5,1,1,1,0,0,1,6.75
252162,0,941,Null,1,4,1,1,1,0,2,1,9
252172,0,941,Null,1,3,0,0,0,0,1,0,0
252174,1,941,Null,1.1,4,0,0,0,0,1,0,0
252202,1,941,Null,1,9,1,4,1,3,1,0,9
252217,0,941,Null,1,4,1,0,0,0,1,0,0
252226,1,941,Null,1,4,0,0,0,1,0,0,0
252262,0,941,Null,1,3,0,0,0,0,2,0,0
252277,1,941,Null,0,3,3,3,3,0,0,0,0
252282,0,941,Null,1,5,1,0,0,1,2,0,0
252307,0,941,Null,1.2,7,0,0,0,3,0,0,0
252298,0,962,W,1.2,5,0,0,0,1,3,0,0
252388,0,962,S,3,11,1,1,1,2,2,1,3
252222,1,962,Null,1,7,3,3,3,1,0,0,27
252253,0,962,Null,1,4,1,0,0,0,0,0,0
252268,0,962,Null,1,3,0,0,0,0,0,0,0
252278,0,962,Null,2,10,3,0,0,1,2,0,0
252303,0,962,Null,2,9,3,2,2,0,2,1,9
252318,0,962,Null,1,3,1,0,0,0,0,0,0
252329,1,962,Null,1,5,2,2,2,0,1,1,18
252343,0,962,Null,1,5,1,0,0,1,1,0,0
252364,1,962,Null,1,4,1,0,0,0,1,0,0
252402,1,962,Null,1,4,1,0,0,0,0,0,0
252324,0,1244,W,1,4,1,0,0,0,1,0,0
252360,1,1244,W,1.1,6,2,0,0,0,2,0,0
252392,1,1244,W,2,7,0,0,0,1,1,0,0
252289,0,1244,L,2.2,11,2,2,2,1,2,1,6.75
252194,0,1244,Null,1.2,8,3,1,1,1,1,0,5.4
252309,0,1244,Null,3.1,12,2,0,0,0,0,0,0
252250,0,1264,W,6,25,8,2,1,0,5,1,1.5
252275,1,1264,W,9,32,4,2,2,2,9,1,2
252394,0,1264,W,9,35,7,1,1,1,11,0,1
252145,0,1264,L,4,23,9,6,5,1,5,1,11.25
252224,0,1264,L,5.1,24,8,6,6,1,6,1,10.12
252328,1,1264,L,5,26,8,7,4,2,4,1,7.2
252350,0,1264,L,6,26,8,3,3,1,7,0,4.5
252171,1,1264,Null,5.2,28,10,4,4,1,8,1,6.35
252199,1,1264,Null,6,24,6,3,3,2,6,1,4.5
252375,1,1264,Null,7,27,6,0,0,0,7,0,0
252135,0,1268,W,1,6,1,2,2,1,1,0,18
252166,1,1268,W,2,8,2,0,0,0,4,0,0
252260,0,1268,W,2,5,0,0,0,1,1,0,0
252290,1,1268,S,1.2,6,0,0,0,1,3,0,0
252270,1,1268,L,1,7,5,1,1,0,0,0,9
252360,0,1268,L,0.2,3,1,1,1,0,1,1,13.5
252250,0,1268,H,1.1,5,2,1,1,0,0,0,6.75
252355,0,1268,H,1,4,1,0,0,0,0,0,0
252401,1,1268,H,2,8,2,0,0,0,0,0,0
252150,0,1268,Null,1,5,2,2,2,0,1,1,18
252185,0,1268,Null,0.2,2,0,0,0,0,1,0,0
252199,1,1268,Null,0.2,5,1,3,0,1,2,0,0
252210,0,1268,Null,2,6,1,0,0,0,2,0,0
252229,0,1268,Null,1,4,0,1,1,2,0,0,9
252237,1,1268,Null,1,5,1,1,1,0,1,1,9
252247,1,1268,Null,0.1,1,0,0,0,0,0,0,0
252280,1,1268,Null,1.1,6,2,0,0,1,1,0,0
252305,0,1268,Null,0.2,4,1,0,0,1,1,0,0
252333,1,1268,Null,1,4,1,0,0,0,1,0,0
252338,1,1268,Null,0.2,4,2,1,1,0,0,0,13.5
252350,0,1268,Null,0.1,1,0,0,0,0,1,0,0
252380,1,1268,Null,0.1,1,0,0,0,0,1,0,0
252135,0,1272,S,1,4,1,0,0,0,0,0,0
252205,0,1272,S,1,3,0,0,0,0,1,0,0
252185,0,1272,L,0.1,4,1,1,1,2,0,0,27
252199,1,1272,L,1.2,8,2,3,3,1,2,0,16.2
252247,1,1272,L,0.2,6,3,2,2,0,0,0,27
252280,1,1272,L,0.2,4,1,2,2,2,0,0,27
252355,0,1272,H,1,2,0,0,0,0,1,0,0
252155,0,1272,Null,1,4,1,0,0,0,1,0,0
252171,1,1272,Null,1,3,0,0,0,0,0,0,0
252229,0,1272,Null,0.1,3,2,0,0,0,0,0,0
252260,0,1272,Null,0,3,3,2,2,0,0,0,0
252270,1,1272,Null,1,3,1,0,0,0,0,0,0
252338,1,1272,Null,1.1,4,0,0,0,0,0,0,0
252350,0,1272,Null,0.1,1,1,0,0,0,0,0,0
252375,1,1272,Null,1,5,2,1,1,0,1,0,9
252401,1,1272,Null,1,3,0,0,0,0,0,0,0
252367,1,1274,Null,1,3,0,0,0,0,2,0,0
252243,1,1277,W,0.1,2,0,0,0,0,1,0,0
252248,1,1277,Null,0.1,4,2,1,1,0,0,0,27
252285,1,1279,W,7,29,8,2,1,0,3,1,1.29
252140,0,1279,L,3,20,9,7,7,1,4,1,21
252313,1,1279,L,4.2,25,10,8,8,2,4,2,15.43
252384,0,1279,L,5,28,11,8,8,2,4,2,14.4
252166,1,1279,Null,4,23,9,8,8,2,2,1,18
252338,1,1279,Null,6.2,27,6,2,2,1,3,0,2.7
252360,0,1279,Null,5.1,22,3,4,3,3,5,0,5.06
252194,1,1298,W,7,26,5,2,2,1,7,0,2.57
252161,1,1298,L,5,25,6,3,3,4,6,1,5.4
252219,0,1298,L,8,30,3,3,3,1,6,1,3.38
252295,0,1298,L,4,23,9,4,4,1,5,2,9
252135,0,1298,Null,5,25,8,2,2,1,5,0,3.6
252247,1,1298,Null,7,28,4,4,3,1,9,2,3.86
252270,1,1298,Null,6,30,10,4,4,1,4,1,6
252226,1,1301,W,6,20,2,0,0,0,8,0,0
252277,1,1301,W,7,26,5,0,0,1,7,0,0
252302,0,1301,W,5,26,8,4,4,3,7,1,7.2
252252,0,1301,L,2.2,17,5,6,6,3,3,0,20.25
252327,0,1301,L,6,27,6,4,4,2,6,1,6
252382,0,1301,L,4.1,24,11,6,6,0,2,2,12.46
252137,1,1301,Null,5,24,6,4,3,3,10,0,5.4
252358,0,1301,Null,5,23,7,3,3,1,5,1,5.4
252335,0,1304,W,6.2,31,8,2,1,2,5,0,1.35
252367,0,1304,W,5.1,24,4,0,0,4,6,0,0
252147,0,1304,L,5,23,5,3,3,2,7,0,5.4
252238,1,1304,L,5,25,6,6,5,3,6,1,9
252262,1,1304,L,3,21,8,6,6,3,4,1,18
252284,1,1304,L,6,26,5,4,4,2,5,0,6
252390,0,1304,L,5,26,10,6,6,1,4,2,10.8
252170,1,1304,Null,7,28,7,2,2,0,5,0,2.57
252200,1,1304,Null,7.2,30,5,2,1,3,6,0,1.17
252304,1,1304,Null,7,29,6,3,2,1,8,1,2.57
252161,0,1305,W,6,22,5,1,1,0,5,1,1.5
252196,1,1305,W,7,29,6,3,3,1,9,1,3.86
252222,0,1305,W,8,27,2,0,0,1,9,0,0
252244,1,1305,W,7,29,7,2,2,2,7,0,2.57
252295,1,1305,W,6,25,5,2,2,1,5,1,3
252322,0,1305,W,6,24,4,3,3,2,8,1,4.5
252138,1,1305,L,4.1,22,8,4,4,2,4,0,8.31
252353,1,1305,L,7,30,5,2,2,2,7,2,2.57
252272,0,1305,Null,6,26,5,3,3,2,7,2,4.5
252381,0,1305,Null,7,27,5,2,2,1,9,0,2.57
252365,1,1325,W,6,25,6,2,2,1,3,1,3
252314,0,1325,L,3.2,20,6,6,6,4,3,1,14.73
252154,0,1325,Null,1.1,8,3,0,0,0,2,0,0
252172,1,1325,Null,2.2,16,5,5,5,3,2,2,16.88
252392,1,1325,Null,5,23,6,3,3,2,5,2,5.4
252140,1,1329,Null,1,5,2,0,0,0,1,0,0
252148,1,1329,Null,1,6,2,0,0,1,1,0,0
252158,1,1329,Null,1,4,0,0,0,1,2,0,0
252174,0,1329,Null,4.2,21,6,3,3,1,4,3,5.79
252214,0,1329,Null,4.2,25,10,8,8,1,3,1,15.43
252249,0,1329,Null,1,3,1,0,0,0,0,0,0
252400,0,1329,Null,2.1,9,2,0,0,1,3,0,0
252205,0,1341,W,1,3,0,0,0,0,2,0,0
252305,0,1341,W,1.2,6,1,0,0,0,2,0,0
252338,1,1341,W,1,3,0,0,0,0,0,0,0
252375,1,1341,W,0.2,3,0,0,0,1,1,0,0
252250,0,1341,S,1,4,1,1,1,0,1,1,9
252355,0,1341,S,1,5,2,0,0,0,1,0,0
252389,0,1341,S,1,4,1,0,0,0,1,0,0
252140,0,1341,Null,1,7,3,4,4,1,2,2,36
252155,0,1341,Null,1,3,0,0,0,0,0,0,0
252161,1,1341,Null,0.1,3,2,2,2,0,1,0,54
252171,1,1341,Null,1,4,0,0,0,1,1,0,0
252194,1,1341,Null,1,6,2,0,0,0,2,0,0
252215,0,1341,Null,1,3,0,0,0,0,1,0,0
252229,0,1341,Null,0.2,3,1,1,1,0,0,1,13.5
252237,1,1341,Null,1,5,2,1,1,0,1,1,9
252270,1,1341,Null,1,2,0,0,0,0,0,0,0
252285,1,1341,Null,1,3,0,0,0,0,0,0,0
252333,1,1341,Null,0.1,1,0,0,0,0,0,0,0
252350,0,1341,Null,0.2,3,1,0,0,0,1,0,0
252148,1,1345,Null,0.2,2,0,0,0,0,1,0,0
252158,1,1345,Null,2,6,0,0,0,0,2,0,0
252164,0,1345,Null,1.2,5,0,0,0,0,1,0,0
252174,0,1345,Null,2.1,12,3,4,4,0,3,1,15.43
252193,1,1345,Null,1,4,1,1,1,0,2,1,9
252204,0,1345,Null,1,3,0,0,0,0,2,0,0
252220,1,1345,Null,0.2,5,1,1,1,2,0,0,13.5
252240,1,1345,Null,1.1,5,1,0,0,0,2,0,0
252259,0,1345,Null,1,7,3,2,1,0,1,0,9
252285,0,1345,Null,0.2,5,2,3,3,1,0,0,40.5
252182,1,1358,W,0.1,2,1,0,0,0,0,0,0
252154,0,1358,H,0.2,2,0,0,0,0,1,0,0
252392,1,1358,H,1,3,0,0,0,0,2,0,0
252134,0,1358,Null,0.2,3,1,0,0,0,1,0,0
252144,0,1358,Null,0.2,2,0,0,0,1,0,0,0
252172,1,1358,Null,0.2,5,2,2,2,1,0,1,27
252214,1,1358,Null,1,6,2,2,2,1,1,1,18
252399,0,1358,Null,0.2,3,1,0,0,0,0,0,0
252134,1,1359,W,6.2,27,9,3,2,1,6,0,2.7
252263,0,1359,W,9,30,5,1,1,0,8,0,1
252313,0,1359,W,7,28,7,0,0,2,10,0,0
252364,1,1359,W,7,27,4,2,2,2,7,1,2.57
252213,0,1359,L,4.1,24,8,5,5,2,4,0,10.38
252334,1,1359,L,6,28,9,3,2,2,5,0,3
252393,0,1359,L,6,27,9,5,5,2,2,2,7.5
252163,0,1359,Null,6.1,29,9,6,6,0,7,2,8.53
252185,1,1359,Null,7,27,5,2,2,1,5,1,2.57
252236,1,1359,Null,7,26,5,2,2,1,4,0,2.57
252287,1,1359,Null,7,29,7,3,0,1,6,0,0
252188,0,1362,S,1,4,1,0,0,0,2,0,0
252223,0,1362,S,1,4,0,0,0,1,2,0,0
252255,1,1362,S,1,4,0,0,0,1,1,0,0
252293,0,1362,S,1,6,3,2,2,0,2,0,18
252333,0,1362,S,1,6,1,0,0,0,2,0,0
252356,1,1362,S,1,4,1,0,0,0,1,0,0
252309,1,1362,L,1,8,4,4,4,1,1,2,36
252361,1,1362,L,1,6,2,1,1,1,0,0,9
252178,0,1362,H,1,3,0,0,0,0,1,0,0
252383,0,1362,H,0.1,3,1,0,0,1,0,0,0
252197,0,1362,Null,1,4,0,0,0,1,2,0,0
252238,0,1362,Null,1,6,2,0,0,1,1,0,0
252243,0,1362,Null,1,6,2,0,0,1,2,0,0
252266,1,1362,Null,1,3,0,0,0,0,2,0,0
252307,1,1362,Null,1,3,0,0,0,0,2,0,0
252338,0,1362,Null,1,6,1,1,1,2,0,0,9
252385,1,1362,Null,1,5,1,0,0,1,0,0,0
252395,1,1362,Null,1,5,2,0,0,0,1,0,0
252159,0,1388,W,6,26,6,2,2,2,4,0,3
252193,1,1388,W,7,30,10,3,3,0,9,0,3.86
252321,1,1388,W,7,28,6,3,3,1,9,2,3.86
252377,1,1388,W,9,28,4,1,1,0,1,1,1
252400,0,1388,W,6.2,28,10,2,2,0,7,1,2.7
252214,0,1388,L,2,14,7,7,7,1,2,1,31.5
252294,0,1388,L,6,27,9,2,2,1,4,0,3
252135,1,1388,Null,5.1,25,9,4,4,1,6,2,6.75
252240,1,1388,Null,6,29,9,3,0,2,1,0,0
252269,1,1388,Null,7,27,4,2,2,1,4,1,2.57
252349,0,1388,Null,3,21,9,7,6,1,2,0,18
252233,1,1397,W,5,23,7,4,4,2,2,1,7.2
252284,0,1397,W,6.1,26,5,1,0,2,5,0,0
252334,0,1397,W,5.2,23,5,1,1,0,3,1,1.59
252172,1,1397,L,4.1,23,7,5,5,2,2,2,10.38
252204,1,1397,Null,6,25,8,3,3,1,0,0,4.5
252258,1,1397,Null,5.1,20,4,2,2,1,3,0,3.38
252309,0,1397,Null,3.2,21,9,6,4,1,2,1,9.82
252360,1,1397,Null,4.2,23,5,4,4,3,4,1,7.71
252387,1,1397,Null,6.2,28,6,3,3,2,5,0,4.05
252303,1,1399,W,3.1,15,4,2,2,1,4,0,5.4
252226,0,1399,L,5,24,7,3,3,2,5,2,5.4
252251,1,1399,L,2,13,7,6,6,2,1,1,27
252367,1,1399,L,3.1,15,4,4,4,1,2,0,10.8
252386,0,1399,L,6,26,9,3,3,0,4,0,4.5
252149,1,1399,Null,6,25,5,2,2,3,4,1,3
252178,1,1399,Null,4.1,22,5,0,0,3,7,0,0
252266,0,1399,Null,2,7,0,0,0,1,2,0,0
252276,0,1399,Null,0.2,4,1,0,0,1,1,0,0
252286,1,1399,Null,0,1,0,0,0,1,0,0,0
252291,1,1399,Null,1,7,2,0,0,1,1,0,0
252316,0,1399,Null,4.1,17,5,0,0,1,4,0,0
252342,0,1399,Null,6,21,3,0,0,1,4,0,0
252178,1,1402,W,2.2,8,1,0,0,0,0,0,0
252241,0,1402,W,8,27,2,0,0,1,8,0,0
252215,1,1402,L,5,24,6,3,3,2,5,2,5.4
252266,0,1402,L,2.1,19,5,7,7,6,2,1,27
252291,1,1402,L,4.1,21,7,5,5,1,2,2,10.38
252337,1,1402,L,4,22,5,4,4,5,3,3,9
252391,0,1402,L,2,15,7,5,2,0,0,0,9
252183,1,1402,H,1,5,0,0,0,2,2,0,0
252196,0,1402,Null,0.1,4,2,2,2,1,0,0,54
252201,0,1402,Null,0.1,4,2,2,2,1,0,0,54
252311,0,1402,Null,5.1,25,8,4,4,1,2,1,6.75
252367,1,1402,Null,3.2,17,5,2,2,2,5,0,4.91
252215,0,1406,W,5.2,24,5,2,2,2,5,1,3.18
252242,1,1406,L,4,23,8,6,6,3,4,3,13.5
252265,1,1406,L,2.2,18,6,5,4,3,3,1,13.5
252370,1,1406,L,2.1,14,5,4,4,2,0,0,15.43
252185,0,1406,Null,5.1,20,3,1,1,1,6,1,1.69
252168,0,1417,W,6,25,7,2,2,1,3,0,3
252218,0,1417,W,5,25,8,3,3,2,7,0,5.4
252318,0,1417,W,6,21,5,1,1,1,8,0,1.5
252353,0,1417,W,7,24,3,1,1,1,2,0,1.29
252378,1,1417,W,6,30,8,3,3,5,2,1,4.5
252402,1,1417,W,7,27,5,2,2,1,7,1,2.57
252139,1,1417,L,5,24,8,3,3,1,4,0,5.4
252193,0,1417,L,4.2,27,7,5,5,5,5,0,9.64
252241,1,1417,L,9,29,2,1,1,0,8,0,1
252268,0,1417,L,6.1,29,7,3,3,2,2,0,4.26
252287,0,1419,W,1,3,0,0,0,0,1,0,0
252302,0,1419,H,0.2,3,0,0,0,1,1,0,0
252145,1,1419,Null,0.2,6,2,3,2,1,1,1,27
252150,1,1419,Null,1,6,3,2,2,1,0,0,18
252292,0,1419,Null,0.2,4,0,0,0,1,0,0,0
252297,0,1419,Null,1,4,1,0,0,0,1,0,0
252327,0,1419,Null,1,8,3,5,5,2,1,1,45
252311,0,1423,W,0.2,2,0,0,0,0,0,0,0
252327,1,1423,W,5,18,4,0,0,0,5,0,0
252400,1,1423,L,4.1,21,4,6,6,5,3,2,12.46
252308,1,1423,Null,1,5,1,1,1,0,3,0,9
252316,0,1423,Null,1,4,1,0,0,0,0,0,0
252352,0,1423,Null,4.2,20,6,1,1,0,6,0,1.93
252375,0,1423,Null,5,20,5,2,2,1,1,0,3.6
252212,1,1424,W,7,21,2,0,0,1,4,0,0
252288,1,1424,W,5.1,26,5,3,2,4,2,0,3.38
252141,0,1424,L,4,21,4,4,1,2,5,0,2.25
252335,1,1424,L,5,21,3,3,3,4,3,1,5.4
252401,0,1424,L,4.1,21,9,7,7,0,4,0,14.54
252169,1,1424,Null,5.2,21,4,3,3,1,2,2,4.76
252200,0,1424,Null,0.1,4,2,0,0,1,1,0,0
252235,0,1424,Null,4.2,26,8,4,4,4,4,0,7.71
252261,0,1424,Null,5,23,8,3,3,1,3,1,5.4
252312,1,1424,Null,6,26,8,5,5,1,2,0,7.5
252369,1,1424,Null,6,22,5,3,2,1,3,1,3
252155,0,1428,W,6,22,5,0,0,0,2,0,0
252180,0,1428,L,4.1,24,9,9,9,2,4,4,18.69
252215,0,1428,H,1.1,4,0,0,0,0,1,0,0
252140,0,1428,Null,2,7,1,0,0,0,2,0,0
252205,0,1428,Null,1,4,0,0,0,1,2,0,0
252224,0,1428,Null,0.2,4,2,1,1,0,1,1,13.5
252237,1,1428,Null,1.2,7,2,1,1,0,2,0,5.4
252265,1,1428,Null,1,3,1,0,0,0,0,0,0
252280,1,1428,Null,0.1,2,1,0,0,0,0,0,0
252305,0,1428,Null,1.2,6,0,0,0,1,2,0,0
252328,1,1428,Null,1,3,1,0,0,1,0,0,0
252333,1,1428,Null,0.2,4,2,1,1,0,0,1,13.5
252360,0,1428,Null,1,4,0,0,0,1,1,0,0
252370,1,1428,Null,3.1,17,4,2,2,3,1,0,5.4
252384,0,1428,Null,1,5,1,0,0,1,0,0,0
252401,1,1428,Null,1,5,2,0,0,0,1,0,0
252239,1,1435,Null,2,9,3,1,1,0,1,0,4.5
252188,0,1447,W,1.2,6,1,0,0,0,3,0,0
252390,1,1447,S,1,5,0,0,0,2,1,0,0
252211,1,1447,L,1,6,2,3,3,1,2,1,27
252260,1,1447,L,1,7,3,3,3,1,2,2,27
252349,1,1447,L,2,9,3,2,2,0,5,1,9
252223,0,1447,H,1,5,2,0,0,0,2,0,0
252243,0,1447,H,1,3,0,0,0,0,1,0,0
252333,0,1447,H,1,5,1,0,0,1,1,0,0
252373,0,1447,H,1.2,4,0,0,0,0,2,0,0
252383,0,1447,H,1,3,1,0,0,0,0,0,0
252385,1,1447,H,0.2,1,0,0,0,0,0,0,0
252143,0,1447,Null,0.2,3,1,0,0,0,0,0,0
252153,0,1447,Null,1,3,0,0,0,0,2,0,0
252163,1,1447,Null,1,4,1,0,0,0,0,0,0
252168,1,1447,Null,1.2,7,1,0,0,1,3,0,0
252178,0,1447,Null,1,3,0,0,0,0,2,0,0
252197,0,1447,Null,1,2,0,0,0,0,0,0,0
252233,0,1447,Null,1,3,0,0,0,0,2,0,0
252238,0,1447,Null,1,3,0,0,0,0,1,0,0
252248,0,1447,Null,2,8,1,0,0,1,4,0,0
252266,1,1447,Null,0.2,1,0,0,0,0,0,0,0
252288,0,1447,Null,1.1,8,3,0,0,1,3,0,0
252302,1,1447,Null,2.1,8,1,0,0,0,3,0,0
252307,1,1447,Null,1,3,0,0,0,0,2,0,0
252328,0,1447,Null,1,3,0,0,0,0,2,0,0
252356,1,1447,Null,1,6,3,1,1,0,1,0,9
252366,1,1447,Null,0.2,2,1,0,0,0,0,0,0
252385,1,1454,W,1,4,1,0,0,0,1,0,0
252163,1,1454,L,1.2,11,3,2,2,3,2,0,10.8
252197,0,1454,L,1.2,7,1,1,1,1,2,1,5.4
252338,0,1454,L,1.1,7,1,1,0,2,1,0,0
252211,1,1454,H,0.1,2,1,0,0,0,0,0,0
252390,1,1454,H,1.1,7,2,0,0,0,3,0,0
252148,0,1454,Null,1,3,1,0,0,0,1,0,0
252158,0,1454,Null,1.2,6,1,0,0,0,2,0,0
252183,0,1454,Null,1.2,6,1,0,0,1,2,0,0
252206,1,1454,Null,1,6,3,2,2,1,0,0,18
252233,0,1454,Null,1.2,6,1,0,0,0,0,0,0
252243,0,1454,Null,1,3,1,0,0,0,1,0,0
252250,1,1454,Null,0.2,4,1,0,0,1,0,0,0
252271,1,1454,Null,1.2,6,2,0,0,0,1,0,0
252283,0,1454,Null,1,7,4,3,3,0,1,0,27
252297,1,1454,Null,2,9,2,0,0,1,1,0,0
252309,1,1454,Null,0.1,2,1,0,0,0,0,0,0
252361,1,1454,Null,1,4,2,0,0,0,1,0,0
252366,1,1454,Null,0.2,6,3,4,4,1,0,1,54
252267,0,1457,W,1.1,6,1,0,0,1,1,0,0
252381,0,1457,S,1,6,2,1,1,1,2,0,9
252166,0,1457,L,1,7,2,1,0,0,2,0,0
252272,0,1457,L,0.2,6,2,3,2,1,0,0,27
252161,0,1457,H,0.1,3,1,1,0,1,0,0,0
252211,0,1457,H,1.1,6,1,0,0,0,2,0,0
252232,0,1457,H,1,5,1,0,0,0,1,0,0
252239,1,1457,H,0.2,4,2,0,0,0,0,0,0
252281,0,1457,H,1,5,2,0,0,0,1,0,0
252295,1,1457,H,1.2,6,1,0,0,0,1,0,0
252317,0,1457,H,1.2,6,1,0,0,0,1,0,0
252363,1,1457,H,1,3,0,0,0,0,1,0,0
252138,1,1457,Null,1.1,5,0,0,0,0,0,0,0
252147,1,1457,Null,0.1,2,1,0,0,0,1,0,0
252152,1,1457,Null,1.1,5,0,0,0,1,1,0,0
252176,1,1457,Null,0.1,3,2,0,0,0,1,0,0
252201,1,1457,Null,1.2,5,0,0,0,0,2,0,0
252206,0,1457,Null,1.1,4,0,0,0,0,3,0,0
252227,0,1457,Null,1,4,1,0,0,0,1,0,0
252249,1,1457,Null,0.1,3,0,2,2,2,0,0,54
252254,1,1457,Null,0.1,3,2,2,2,0,1,0,54
252291,0,1457,Null,0.2,5,1,1,1,2,0,0,13.5
252305,1,1457,Null,0.2,4,2,0,0,0,1,0,0
252331,0,1457,Null,1.2,5,0,0,0,0,0,0,0
252358,1,1457,Null,0.2,3,1,0,0,0,1,0,0
252371,0,1457,Null,1,3,0,0,0,0,1,0,0
252387,0,1457,Null,2,8,2,1,1,0,2,1,4.5
252148,1,1462,W,6.1,23,3,0,0,1,3,0,0
252259,0,1462,W,7,27,5,1,1,2,5,0,1.29
252285,0,1462,L,6,28,9,5,5,1,6,1,7.5
252364,0,1462,L,6.1,29,11,7,7,0,6,2,9.95
252169,0,1462,Null,5.1,25,9,5,5,1,3,1,8.44
252203,1,1462,Null,6.1,29,9,2,2,1,4,0,2.84
252235,1,1462,Null,6,27,6,3,2,3,6,1,3
252311,1,1462,Null,5.2,26,9,3,3,0,6,2,4.76
252336,1,1462,Null,6.2,33,12,3,3,1,2,0,4.05
252389,1,1462,Null,6,24,5,4,4,1,3,1,6
252268,1,1476,Null,4.1,21,4,1,1,5,0,0,2.08
252146,1,1480,W,1,3,0,0,0,0,1,0,0
252163,0,1480,W,2,9,1,0,0,1,2,0,0
252208,0,1480,L,0.1,3,2,1,1,0,1,0,27
252343,0,1480,H,0.2,4,2,0,0,0,2,0,0
252139,1,1480,Null,1.1,5,1,0,0,0,3,0,0
252156,1,1480,Null,1.2,8,1,0,0,2,1,0,0
252180,1,1480,Null,0.2,2,0,0,0,0,0,0,0
252193,0,1480,Null,0.1,4,2,3,1,0,0,0,27
252203,0,1480,Null,0,1,1,1,1,0,0,0,0
252222,1,1480,Null,1,7,4,4,4,0,2,0,36
252232,1,1480,Null,1,3,0,0,0,1,1,0,0
252253,0,1480,Null,1,3,0,0,0,0,1,0,0
252268,0,1480,Null,0,3,2,3,3,1,0,1,0
252292,1,1480,Null,2,11,2,1,0,3,2,0,0
252308,0,1480,Null,0.2,4,1,1,1,1,0,0,13.5
252313,0,1480,Null,1,4,2,1,1,0,1,1,9
252329,1,1480,Null,1,5,0,0,0,2,1,0,0
252359,1,1480,Null,0.2,6,2,3,3,2,0,0,40.5
252373,1,1480,Null,1,5,2,1,1,0,1,0,9
252393,0,1480,Null,0.1,2,1,1,1,0,0,1,27
252398,0,1480,Null,0.1,1,0,0,0,0,0,0,0
252181,0,1488,Null,1,6,1,1,1,1,1,0,9
252190,0,1488,Null,1,3,0,0,0,0,2,0,0
252207,1,1488,Null,1.2,5,0,0,0,0,1,0,0
252224,1,1488,Null,1,4,1,0,0,0,0,0,0
252229,1,1488,Null,0,3,2,1,1,0,0,0,0
252245,0,1488,Null,1,4,1,0,0,0,0,0,0
252261,0,1488,Null,1,5,1,0,0,1,0,0,0
252268,1,1488,Null,1,6,1,1,0,1,2,0,0
252283,1,1488,Null,2,6,0,0,0,0,2,0,0
252293,1,1488,Null,0.2,6,4,3,3,0,1,0,40.5
252306,0,1488,Null,1,3,1,0,0,0,0,0,0
252322,1,1488,Null,2,11,4,3,3,1,0,0,13.5
252335,1,1488,Null,1,3,0,0,0,0,0,0,0
252351,0,1488,Null,1,7,2,2,2,1,0,1,18
252391,1,1488,Null,1,3,0,0,0,0,1,0,0
252401,0,1488,Null,2,10,2,2,2,2,1,0,9
252168,1,1493,Null,1,6,2,0,0,0,1,0,0
252216,1,1493,Null,2,8,1,0,0,1,0,0,0
252228,0,1493,Null,1,7,4,4,4,0,2,2,36
252271,1,1493,Null,1,8,3,3,3,1,2,0,27
252246,1,1502,W,8,27,4,1,1,2,8,1,1.12
252198,0,1502,L,7.1,31,9,5,5,2,6,1,6.14
252222,1,1502,L,6,26,3,2,2,5,2,0,3
252273,0,1502,L,6,24,7,2,1,0,5,0,1.5
252146,1,1502,Null,6,27,7,2,2,2,7,0,3
252173,0,1502,Null,5,26,8,4,4,1,7,1,7.2
252298,0,1502,Null,5.1,28,8,4,4,5,4,1,6.75
252324,1,1502,Null,5,24,10,6,5,0,2,1,9
252354,1,1502,Null,8,28,2,1,1,1,7,0,1.12
252383,1,1502,Null,6,26,6,1,1,2,9,0,1.5
252291,0,1503,W,6,22,4,0,0,0,3,0,0
252312,0,1503,W,5.1,22,4,2,2,3,4,0,3.38
252363,1,1503,W,6,25,4,3,3,3,6,2,4.5
252171,0,1503,L,1.1,8,4,4,4,0,1,1,27
252143,1,1503,H,1,3,0,0,0,0,0,0,0
252157,1,1503,H,1,5,2,0,0,0,1,0,0
252138,1,1503,Null,1.1,6,2,0,0,0,3,0,0
252176,1,1503,Null,0.1,2,1,1,1,0,0,0,27
252181,1,1503,Null,0.1,3,2,1,1,0,0,0,27
252201,1,1503,Null,0.2,4,1,1,1,1,1,0,13.5
252216,0,1503,Null,1.2,11,2,1,1,3,2,0,5.4
252239,1,1503,Null,3.1,13,3,2,2,0,5,1,5.4
252249,1,1503,Null,0.2,3,1,0,0,0,0,0,0
252267,0,1503,Null,3.2,20,5,3,3,4,3,0,7.36
252336,0,1503,Null,6,28,9,5,5,1,4,1,7.5
252392,0,1503,Null,1.2,9,2,2,0,2,0,0,0
252274,0,1526,W,0.2,2,0,0,0,1,0,0,0
252154,0,1526,L,0,2,0,2,0,0,0,0,0
252139,0,1526,H,0.1,1,0,0,0,0,1,0,0
252177,1,1526,H,1.1,6,2,0,0,0,1,0,0
252182,1,1526,H,1,3,0,0,0,0,1,0,0
252234,0,1526,H,1.2,6,2,0,0,0,2,0,0
252134,0,1526,Null,0.1,1,0,0,0,0,1,0,0
252149,0,1526,Null,0.2,3,0,0,0,0,0,0,0
252167,1,1526,Null,1,4,1,0,0,0,2,0,0
252199,0,1526,Null,0.1,3,1,2,2,1,0,0,54
252223,1,1526,Null,1,3,0,0,0,0,1,0,0
252244,0,1526,Null,1.2,5,0,0,0,0,2,0,0
252258,1,1526,Null,1,6,2,0,0,1,1,0,0
252284,0,1526,Null,0.2,3,1,0,0,0,0,0,0
252289,0,1526,Null,0.2,4,1,0,0,1,0,0,0
252301,1,1526,Null,0.2,3,1,0,0,0,0,0,0
252324,0,1526,Null,0.2,4,1,0,0,1,1,0,0
252342,1,1526,Null,1,3,0,0,0,0,0,0,0
252355,1,1526,Null,0.1,2,1,0,0,0,0,0,0
252365,1,1526,Null,0,2,2,1,1,0,0,1,0
252387,1,1526,Null,1.2,8,1,0,0,2,1,0,0
252151,1,1531,Null,1.2,9,2,0,0,2,2,0,0
252213,0,1531,Null,0.1,6,4,5,5,1,0,0,135
252305,0,1535,S,1,3,0,0,0,0,1,0,0
252333,1,1535,L,1,6,2,1,1,1,0,0,9
252280,1,1535,Null,1,3,0,0,0,0,1,0,0
252295,0,1535,Null,1,3,0,0,0,0,2,0,0
252328,1,1535,Null,1,3,1,0,0,0,0,0,0
252350,0,1535,Null,0.2,3,1,0,0,0,0,0,0
252365,0,1535,Null,1,4,1,1,0,0,0,0,0
252380,1,1535,Null,1.2,5,0,0,0,0,1,0,0
252389,0,1535,Null,1,6,1,1,1,2,1,0,9
252336,1,1537,W,1,3,0,0,0,1,0,0,0
252153,1,1537,L,6,26,8,4,4,1,4,1,6
252174,0,1537,L,1,10,5,6,6,2,0,2,54
252209,0,1537,L,3.1,17,4,4,4,2,1,0,10.8
252280,0,1537,H,1,4,0,0,0,1,0,0,0
252249,0,1537,Null,1,3,0,0,0,0,1,0,0
252254,0,1537,Null,1.2,5,0,0,0,0,4,0,0
252269,1,1537,Null,1,3,0,0,0,0,0,0,0
252294,0,1537,Null,1.1,10,4,2,2,1,1,0,13.5
252311,1,1537,Null,0.1,2,1,0,0,0,0,0,0
252321,1,1537,Null,0.1,3,0,0,0,1,0,0,0
252359,0,1537,Null,0.1,5,2,2,2,2,0,0,54
252153,0,1544,W,6,24,4,0,0,1,2,0,0
252183,0,1544,L,5,21,5,2,2,2,3,1,3.6
252211,1,1544,Null,4.2,27,6,4,3,4,5,0,5.79
252378,0,1545,Null,3.2,20,8,2,1,1,2,0,2.45
252372,1,1548,H,0.2,4,1,0,0,1,0,0,0
252140,1,1548,Null,1,4,1,0,0,0,1,0,0
252153,1,1548,Null,2.1,13,6,2,2,1,2,0,7.71
252193,1,1548,Null,1,5,2,1,1,0,2,0,9
252209,0,1548,Null,0.2,2,0,0,0,0,0,0,0
252214,0,1548,Null,1.1,5,0,0,0,1,2,0,0
252249,0,1548,Null,1.2,7,2,0,0,0,2,0,0
252259,0,1548,Null,1,5,2,1,1,0,1,0,9
252280,0,1548,Null,1,5,1,0,0,1,2,0,0
252316,1,1548,Null,2.1,10,2,2,2,1,1,1,7.71
252326,1,1548,Null,1,4,1,0,0,0,2,0,0
252349,0,1548,Null,1.2,8,1,0,0,1,2,0,0
252359,0,1548,Null,1.2,7,1,0,0,1,2,0,0
252384,1,1548,Null,1.1,5,0,0,0,1,2,0,0
252152,1,1549,W,0.2,2,0,0,0,0,1,0,0
252211,0,1549,S,0.2,3,1,0,0,0,1,0,0
252336,0,1549,L,0.1,5,3,1,1,1,0,0,27
252181,1,1549,H,1,4,1,0,0,0,0,0,0
252196,1,1549,H,0.2,5,2,0,0,1,2,0,0
252254,1,1549,H,1,4,1,0,0,1,1,0,0
252281,0,1549,H,2,6,0,0,0,0,1,0,0
252138,1,1549,Null,0.1,1,0,0,0,0,1,0,0
252166,0,1549,Null,1.2,10,4,2,2,1,2,0,10.8
252176,1,1549,Null,0.2,2,0,0,0,0,2,0,0
252201,1,1549,Null,1,3,0,0,0,1,0,0,0
252206,0,1549,Null,0.1,3,2,1,1,0,0,1,27
252227,0,1549,Null,1,5,1,0,0,0,0,0,0
252232,0,1549,Null,0.2,4,1,2,2,1,2,0,27
252239,1,1549,Null,1.1,8,2,1,1,2,2,0,6.75
252249,1,1549,Null,1,5,2,0,0,0,1,0,0
252267,0,1549,Null,1.1,5,0,0,0,1,0,0,0
252272,0,1549,Null,0.2,3,1,0,0,0,1,0,0
252291,0,1549,Null,1.1,5,0,0,0,1,0,0,0
252305,1,1549,Null,0.1,3,1,1,1,1,0,0,27
252322,0,1549,Null,1.2,7,2,2,2,0,2,1,10.8
252331,0,1549,Null,1,4,1,0,0,0,0,0,0
252371,0,1549,Null,1,5,2,1,1,0,1,1,9
252376,0,1549,Null,1.1,9,3,2,2,2,1,0,13.5
252147,1,1550,W,6,21,2,0,0,1,9,0,0
252206,0,1550,W,6,21,2,0,0,1,7,0,0
252232,0,1550,W,6,24,1,0,0,4,6,0,0
252254,1,1550,W,6,23,4,2,2,3,3,1,3
252281,0,1550,W,5,22,4,2,2,3,7,0,3.6
252331,0,1550,W,5,25,6,5,5,4,5,0,9
252171,0,1550,Null,5,23,5,3,3,4,4,2,5.4
252305,1,1550,Null,6,24,2,1,1,4,4,0,1.5
252358,1,1550,Null,6,24,3,3,3,3,4,1,4.5
252387,0,1550,Null,3.2,20,8,6,6,2,2,2,14.73
252294,1,1552,W,7,25,6,0,0,1,5,0,0
252325,0,1552,W,6,24,5,2,2,1,3,0,3
252160,1,1552,L,6,25,5,5,5,2,3,1,7.5
252190,1,1552,L,2.2,16,4,7,7,4,0,1,23.62
252218,1,1552,L,5,24,6,4,3,3,7,1,5.4
252248,1,1552,L,6,32,0,4,3,0,6,0,4.5
252137,0,1552,Null,4,24,5,5,4,6,2,0,9
252270,0,1552,Null,5,22,4,2,2,3,5,1,3.6
252357,0,1552,Null,6,26,7,3,3,2,6,0,4.5
252385,0,1552,Null,6,25,5,0,0,2,5,0,0
252142,0,1553,Null,0,2,2,2,2,0,0,1,0
252147,0,1553,Null,1,5,1,0,0,1,1,0,0
252160,1,1553,Null,0.2,5,3,1,1,0,0,0,13.5
252195,1,1554,W,5,23,6,2,2,3,6,1,3.6
252142,0,1554,L,5,23,5,2,2,5,6,1,3.6
252275,0,1554,L,4.2,23,5,5,5,4,5,0,9.64
252330,0,1554,L,4.1,19,5,3,3,1,2,0,6.23
252165,1,1554,Null,5,21,4,3,3,2,3,0,5.4
252220,0,1554,Null,6,23,3,2,2,2,9,1,3
252252,1,1554,Null,4,18,4,3,3,3,4,0,6.75
252381,1,1554,Null,5,20,3,1,1,3,8,0,1.8
252136,1,1555,W,7,25,6,1,1,1,6,0,1.29
252160,0,1555,W,6,22,3,2,2,1,7,0,3
252286,1,1555,W,6.2,27,7,1,1,0,4,0,1.35
252370,0,1555,W,5,20,3,0,0,1,4,0,0
252210,1,1555,L,5,27,10,5,3,3,2,1,5.4
252396,0,1555,L,6,25,6,4,4,2,5,0,6
252188,1,1555,Null,8,31,10,1,1,0,4,0,1.12
252236,0,1555,Null,6,28,7,2,2,3,3,0,3
252261,1,1555,Null,6.1,27,7,3,2,3,2,1,2.84
252141,1,1556,W,5.2,23,2,0,0,3,6,0,0
252271,0,1556,W,7,27,6,2,2,0,5,0,2.57
252196,0,1556,L,5.1,27,5,4,3,4,5,1,5.06
252221,0,1556,L,5,24,7,3,3,2,3,1,5.4
252246,0,1556,L,3.2,21,7,5,5,2,5,0,12.27
252321,0,1556,L,4,26,12,7,7,3,0,2,15.75
252352,0,1556,L,1.1,9,5,3,3,0,1,0,20.25
252165,0,1556,Null,5,23,5,4,4,4,4,0,7.2
252298,1,1556,Null,6,26,7,4,4,1,7,2,6
252315,1,1557,Null,0.2,5,3,2,2,0,0,0,27
252341,1,1557,Null,1,6,3,3,3,0,0,0,27
252190,0,1558,W,6,23,7,3,3,0,8,1,4.5
252366,0,1558,W,8,29,3,2,2,3,8,1,2.25
252391,1,1558,W,6,23,4,2,2,2,3,0,3
252136,0,1558,L,6,25,5,2,2,3,7,0,3
252159,1,1558,L,6,27,8,3,3,2,9,0,4.5
252317,1,1558,L,6,26,9,3,3,1,4,1,4.5
252217,1,1558,Null,7,25,3,0,0,0,9,0,0
252240,0,1558,Null,6,27,6,3,3,2,3,0,4.5
252293,1,1558,Null,5,24,10,2,2,0,7,0,3.6
252341,0,1558,Null,5,27,12,6,5,0,5,1,9
252303,0,1560,L,2.1,11,4,3,3,0,0,1,11.57
252359,1,1560,H,0.1,2,1,0,0,0,1,0,0
252139,1,1560,Null,1.2,6,1,1,1,0,2,1,5.4
252146,1,1560,Null,0,1,1,0,0,0,0,0,0
252156,1,1560,Null,1,6,0,0,0,3,2,0,0
252163,0,1560,Null,0.2,5,1,0,0,2,0,0,0
252173,0,1560,Null,1,5,0,0,0,2,1,0,0
252180,1,1560,Null,1,3,0,0,0,0,1,0,0
252193,0,1560,Null,1,5,1,0,0,1,1,0,0
252208,0,1560,Null,0.1,3,1,0,0,1,0,0,0
252213,0,1560,Null,2.2,12,4,0,0,0,3,0,0
252246,1,1560,Null,0.2,5,1,2,2,2,1,0,27
252278,0,1560,Null,0.2,6,4,3,3,0,1,0,40.5
252282,1,1560,Null,2,6,0,0,0,0,2,0,0
252292,1,1560,Null,1.2,9,3,2,2,1,2,0,10.8
252318,0,1560,Null,1,5,1,0,0,1,1,0,0
252334,1,1560,Null,1,5,1,0,0,0,1,0,0
252373,1,1560,Null,0.2,3,1,0,0,0,0,0,0
252393,0,1560,Null,1,6,2,3,3,1,1,2,27
252309,0,1561,W,1,3,0,0,0,0,2,0,0
252342,1,1561,L,1,5,2,2,2,0,1,1,18
252134,0,1561,Null,0.2,2,0,0,0,0,0,0,0
252139,0,1561,Null,0.1,1,0,0,0,0,1,0,0
252149,0,1561,Null,0.2,3,0,0,0,1,1,0,0
252154,0,1561,Null,0,1,0,1,1,1,0,0,0
252167,1,1561,Null,0.1,3,0,0,0,1,0,0,0
252177,1,1561,Null,0.2,5,2,1,1,1,1,1,13.5
252194,0,1561,Null,0.1,3,1,2,2,1,0,0,54
252214,1,1561,Null,1,3,0,0,0,0,1,0,0
252228,1,1561,Null,1,5,0,0,0,2,2,0,0
252233,1,1561,Null,0.1,2,1,0,0,0,0,0,0
252239,0,1561,Null,0.1,2,1,1,1,0,1,0,27
252244,0,1561,Null,0,1,1,1,1,0,0,0,0
252258,1,1561,Null,0.1,1,0,0,0,0,0,0,0
252263,1,1561,Null,2,8,2,0,0,0,3,0,0
252301,1,1561,Null,1,3,0,0,0,0,0,0,0
252324,0,1561,Null,0.2,4,0,0,0,1,1,0,0
252369,0,1561,Null,1,3,1,0,0,0,2,0,0
252379,0,1561,Null,1,6,2,2,2,0,0,2,18
252139,0,1562,W,7,26,4,1,1,1,7,1,1.29
252329,0,1562,W,5.1,21,5,0,0,2,8,0,0
252167,1,1562,L,4.2,22,5,7,7,4,3,2,13.5
252223,1,1562,L,5,26,9,3,3,1,5,0,5.4
252244,0,1562,L,4.2,24,8,3,3,2,4,0,5.79
252355,1,1562,L,7,26,4,1,1,2,9,0,1.29
252379,0,1562,L,6,29,9,4,4,1,4,0,6
252199,0,1562,Null,4.1,24,7,6,6,4,4,2,12.46
252274,0,1562,Null,6,28,9,1,1,0,1,0,1.5
252301,1,1562,Null,7,26,6,3,3,0,6,1,3.86
252214,1,1564,W,6,22,3,1,1,1,8,1,1.5
252296,1,1564,W,6,24,6,3,3,0,6,1,4.5
252352,1,1564,W,7.1,26,4,0,0,0,10,0,0
252374,0,1564,W,6,24,4,1,1,4,3,0,1.5
252134,0,1564,L,4,25,8,6,5,4,8,1,11.25
252162,1,1564,L,4.2,23,5,8,7,4,8,2,13.5
252194,0,1564,L,5,21,2,2,2,6,7,0,3.6
252399,0,1564,L,6.1,25,6,3,3,1,9,1,4.26
252239,0,1564,Null,6,28,4,3,1,5,10,0,1.5
252269,0,1564,Null,7,26,4,1,1,0,5,0,1.29
252324,0,1564,Null,4.2,25,10,7,7,1,7,1,13.5
252238,0,1565,W,5,23,6,3,3,1,4,1,5.4
252373,0,1565,W,6.1,25,3,0,0,3,7,0,0
252395,1,1565,W,7.1,28,6,1,1,1,8,1,1.23
252148,0,1565,L,3.1,21,7,9,9,4,5,3,24.3
252206,1,1565,L,6,30,9,6,2,0,4,1,3
252288,0,1565,L,4.2,24,6,6,5,5,5,0,9.64
252178,0,1565,Null,6,22,5,2,2,0,4,0,3
252260,1,1565,Null,6.2,28,8,3,2,0,9,0,2.7
252309,1,1565,Null,7,30,7,3,3,4,2,0,3.86
252338,0,1565,Null,7.1,27,6,3,3,1,7,0,3.68
252202,0,1566,W,7,29,6,2,2,3,2,0,2.57
252255,1,1566,W,6,23,6,1,1,0,5,0,1.5
252307,1,1566,W,7,26,5,4,4,0,9,1,5.14
252143,0,1566,L,6.2,29,7,5,5,3,3,1,6.75
252233,0,1566,L,3.1,24,8,7,7,5,1,0,18.9
252283,0,1566,L,5,26,10,6,6,2,6,1,10.8
252168,1,1566,Null,6,25,5,2,2,3,6,1,3
252333,0,1566,Null,6,27,9,3,3,0,7,0,4.5
252356,1,1566,Null,5,23,5,0,0,3,4,0,0
252383,0,1566,Null,6,31,8,3,3,3,6,1,4.5
252145,1,1567,W,6,22,5,1,1,1,3,0,1.5
252172,0,1567,W,6,21,3,1,1,0,8,1,1.5
252221,1,1567,W,7,25,3,0,0,0,9,0,0
252297,0,1567,W,6,22,5,2,2,0,6,0,3
252363,0,1567,L,7,28,7,5,5,0,8,1,6.43
252388,1,1567,L,6,29,7,4,3,1,4,2,4.5
252351,1,1567,H,1,4,1,0,0,0,2,0,0
252197,1,1567,Null,7,28,6,2,1,0,7,0,1.29
252247,0,1567,Null,5,24,8,5,5,2,4,2,9
252272,1,1567,Null,7,25,5,1,1,1,5,0,1.29
252175,0,1570,Null,2,8,1,0,0,0,2,0,0
252194,1,1570,Null,1,4,1,0,0,0,1,0,0
252224,0,1570,Null,1,5,2,1,1,0,0,0,9
252242,1,1570,Null,3.2,13,4,1,1,0,1,0,2.45
252255,0,1570,Null,2,7,1,0,0,0,1,0,0
252265,1,1570,Null,2.1,15,7,8,8,1,0,3,30.86
252295,0,1570,Null,1.1,4,0,0,0,0,0,0,0
252305,0,1570,Null,0,1,1,0,0,0,0,0,0
252328,1,1570,Null,1,6,3,2,2,0,0,0,18
252340,0,1570,Null,1,4,0,0,0,1,1,0,0
252387,0,1571,L,0,3,1,1,0,1,0,0,0
252206,0,1571,Null,0.2,2,0,0,0,0,1,0,0
252222,0,1571,Null,1,3,0,0,0,0,1,0,0
252234,1,1571,Null,3,11,1,0,0,1,2,0,0
252259,1,1571,Null,1.2,9,4,2,2,1,0,1,10.8
252272,0,1571,Null,1,4,1,0,0,1,0,0,0
252277,0,1571,Null,1.2,7,1,1,1,2,1,1,5.4
252286,0,1571,Null,1.2,6,1,0,0,0,2,0,0
252305,1,1571,Null,0.2,4,1,0,0,1,0,0,0
252322,0,1571,Null,0.1,3,1,0,0,1,0,0,0
252326,0,1571,Null,2.2,10,0,0,0,2,3,0,0
252343,1,1571,Null,2,6,0,0,0,0,1,0,0
252376,0,1571,Null,1,7,1,4,4,2,1,1,36
252253,1,1576,Null,1,3,0,0,0,0,1,0,0
252263,1,1576,Null,2.2,14,3,2,2,3,2,0,6.75
252289,0,1576,Null,2,13,3,2,2,0,1,0,9
252259,1,1577,Null,2,8,1,0,0,1,2,0,0
252294,0,1579,Null,0.2,2,0,0,0,0,0,0,0
252321,1,1579,Null,1,3,0,0,0,0,1,0,0
252326,1,1579,Null,1.1,4,1,0,0,0,2,0,0
252331,1,1579,Null,0.1,4,3,3,3,0,0,0,81
252316,1,1580,Null,1,3,0,0,0,0,0,0,0
252331,1,1580,Null,3,10,1,0,0,0,0,0,0
252339,0,1580,Null,2,10,3,2,2,0,1,1,9
252364,0,1580,Null,1,3,0,0,0,0,1,0,0
252394,1,1580,Null,2.2,10,2,1,0,1,1,0,0
252297,0,1581,Null,1,3,0,0,0,0,1,0,0
252307,0,1581,Null,2.2,11,3,2,2,1,2,0,6.75
252327,0,1581,Null,1,3,0,0,0,0,1,0,0
252341,1,1581,Null,2,6,0,0,0,0,1,0,0
252351,1,1581,Null,1.2,5,0,0,0,0,1,0,0
252382,0,1581,Null,0.1,3,0,0,0,2,0,0,0
252388,1,1581,Null,0.1,3,0,0,0,2,0,0,0
252326,0,1582,L,4.1,24,9,7,7,2,0,2,14.54
252387,0,1582,Null,3.1,13,0,0,0,3,5,0,0
252331,0,1584,Null,0.1,4,1,2,2,2,0,0,54
252341,1,1586,Null,1.1,5,1,1,1,0,2,1,6.75
252367,0,1587,Null,1.1,6,1,0,0,1,1,0,0
252376,1,1587,Null,1,4,0,0,0,0,0,0,0
252385,0,1587,Null,0.2,3,0,0,0,0,0,0,0
252395,0,1587,Null,1,6,3,1,1,0,1,0,9
252402,0,1587,Null,1.1,8,3,3,3,1,3,1,20.25